player_name,Nationality_x,Preferred Foot,Date of Birth,appearances_,sub_appearances,XA,pass_attempts,pass_accuracy,long_pass_attempts,long_pass_accuracy,Minutes Played,Duels Won,Total Tackles,Interceptions,Blocks,Red Cards,Yellow Cards,XG,Touches in the Opposition Box,Aerial Duels Won,Assists,Shots On Target Inside the Box,cross_attempts,cross_accuracy,dribble_attempts,dribble_accuracy,Fouls,Goals,Hit Woodwork,Offsides,Shots On Target Outside the Box,Corners Taken,Appearances,free_kick_attempts,free_kicks_scored,Passes,Own Goals,Penalties Taken,Goals Conceded,Clean Sheets,Saves Made,Penalties Faced,penalty_attempts,penalties_scored,penalties_saved,penalty_save_precentage,Age,Market Value,Club,Position,Nationality_y
Josh Acheampong,England,Right,05/05/2006,4,2,0.02,123,84,14,29,169,5,2,1,0,0,1,0.22,3,1,0,0,0,0,0,0,0,0,0,0,0,0,0,0,0,0,0,0,0,0,0,0,0,0,0,0,19,€4.00m,Chelsea FC,Right-Back,England
Tyler Adams,United States,Right,14/02/1999,28,7,0.76,1056,85,64,30,1965,139,83,32,10,0,7,1.59,18,31,3,5,3,33,14,29,45,0,0,0,0,0,0,0,0,0,0,0,0,0,0,0,0,0,0,0,26,€12.00m,AFC Bournemouth,Defensive Midfield,United States
Tosin Adarabioyo,England,Right,24/09/1997,22,7,0.22,1177,91,90,47,1404,72,17,11,7,0,4,0.93,14,42,1,5,0,0,5,80,8,1,2,1,0,0,0,0,0,0,0,0,0,0,0,0,0,0,0,0,27,€15.00m,Chelsea FC,Centre-Back,England
Simon Adingra,Cote d’Ivoire,Right,01/01/2002,29,17,2.79,332,82,12,42,1091,55,23,8,0,0,0,2.46,79,7,2,13,41,24,48,44,13,2,1,4,7,1,0,0,0,0,0,0,0,0,0,0,0,0,0,0,23,€25.00m,Brighton & Hove Albion,Left Winger,Cote d'Ivoire
Emmanuel Agbadou,Cote d’Ivoire,Right,17/06/1997,0,0,0.32,996,86,147,52,1411,70,30,12,13,0,3,0.85,7,26,0,0,0,0,12,83,7,1,0,1,0,0,16,1,1,0,0,0,0,0,0,0,0,0,0,0,28,€15.00m,Wolverhampton Wanderers,Centre-Back,Cote d'Ivoire
Nayef Aguerd,Morocco,Left,30/03/1996,0,0,0.0,0,0,0,0,0,0,0,0,0,0,0,0.0,0,0,0,0,0,0,0,0,0,0,0,0,0,0,0,0,0,0,0,0,0,0,0,0,0,0,0,0,29,€14.00m,West Ham United,Centre-Back,Morocco
Naouirou Ahamada,France,Right,29/03/2002,0,0,0.0,0,0,0,0,0,0,0,0,0,0,0,0.0,0,0,0,0,0,0,0,0,0,0,0,0,0,0,0,0,0,0,0,0,0,0,0,0,0,0,0,0,23,€300k,Crystal Palace,Central Midfield,France
Ola Aina,Nigeria,Right,08/10/1996,0,0,2.22,1027,80,89,31,3003,136,55,33,12,0,5,0.64,22,13,1,0,59,22,60,55,23,2,0,2,0,0,35,0,0,0,0,0,0,0,0,0,0,0,0,0,28,€20.00m,Nottingham Forest,Right-Back,Nigeria
Kristoffer Ajer,Norway,Right,17/04/1998,24,7,0.5,558,78,45,44,1441,66,26,12,4,0,5,0.96,39,28,0,7,14,29,15,47,13,0,0,2,0,0,0,0,0,0,0,0,0,0,0,0,0,0,0,0,27,€12.00m,Brentford FC,Centre-Back,Norway
Manuel Akanji,Switzerland,Right,19/07/1995,26,3,1.28,1722,94,84,68,2014,60,19,9,8,0,3,1.55,19,31,0,0,11,27,0,0,17,0,0,0,6,0,0,0,0,0,0,0,0,0,0,0,0,0,0,0,29,€25.00m,Manchester City,Centre-Back,Switzerland
Nathan Aké,Netherlands,Left,18/02/1995,10,2,0.17,532,94,26,46,682,23,9,3,2,0,0,0.22,5,13,0,0,0,0,0,0,2,0,0,0,0,0,0,0,0,0,0,0,0,0,0,0,0,0,0,0,30,€22.00m,Manchester City,Centre-Back,Netherlands
Carlos Alcaraz,Argentina,Right,30/11/2002,16,9,0.03,271,83,24,67,770,47,11,6,2,0,4,0.07,22,15,3,0,8,50,18,50,14,2,0,1,0,4,0,0,0,0,0,0,0,0,0,0,0,0,0,0,22,€8.00m,Everton FC,Central Midfield,Argentina
Harry Amass,England,Left,16/03/2007,5,1,0.07,143,87,0,0,346,20,6,2,1,0,0,0.07,5,7,0,0,0,0,7,43,2,0,0,1,0,0,0,0,0,0,0,0,0,0,0,0,0,0,0,0,18,€1.00m,Manchester United,Left-Back,England
Mathis Amougou,France,Right,18/01/2006,1,1,0.0,0,0,0,0,7,0,0,0,0,0,0,0.0,0,0,0,0,0,0,0,0,0,0,0,0,0,0,0,0,0,7,0,0,0,0,0,0,0,0,0,0,19,€5.00m,Chelsea FC,Central Midfield,France
Joachim Andersen,Denmark,Right,31/05/1996,0,0,0.52,2054,83,444,47,2663,123,28,34,28,1,7,1.02,22,76,0,9,13,23,5,80,20,0,0,0,2,1,30,0,0,0,1,0,0,0,0,0,0,0,0,0,29,€22.00m,Fulham FC,Centre-Back,Denmark
Elliot Anderson,England,Right,06/11/2002,37,4,3.63,1289,82,106,42,2742,242,92,31,9,0,10,2.11,80,57,6,15,35,6,66,55,49,2,0,4,10,48,0,0,0,0,0,0,0,0,0,0,0,0,0,0,22,€27.00m,Nottingham Forest,Central Midfield,England
Aarón Anselmino,Argentina,Right,29/04/2005,0,0,0.0,0,0,0,0,0,0,0,0,0,0,0,0.0,0,0,0,0,0,0,0,0,0,0,0,0,0,0,0,0,0,0,0,0,0,0,0,0,0,0,0,0,20,€4.00m,Chelsea FC,Centre-Back,Argentina
Jaidon Anthony,England,Right,01/12/1999,0,0,0.0,0,0,0,0,0,0,0,0,0,0,0,0.0,0,0,0,0,0,0,0,0,0,0,0,0,0,0,0,0,0,0,0,0,0,0,0,0,0,0,0,0,25,€4.00m,Burnley FC,Left Winger,England
Joelinton,Brazil,Right,14/08/1996,0,0,2.33,1010,84,31,52,2404,166,57,23,7,0,10,3.95,86,59,3,19,16,19,43,35,58,4,0,7,4,0,29,0,0,0,0,0,0,0,0,0,0,0,0,0,28,€32.00m,Newcastle United,Central Midfield,Brazil
Julián Araujo,Mexico,Right,13/08/2001,12,5,0.1,191,82,19,32,497,15,10,6,0,0,2,0.0,2,3,0,0,9,22,0,0,7,0,0,1,0,0,0,0,0,0,0,0,0,0,0,0,0,0,0,0,23,€5.00m,AFC Bournemouth,Right-Back,Mexico
Alphonse Areola,France,Right,27/02/1993,26,1,0.0,865,66,438,37,0,0,0,0,0,0,0,0.0,0,0,0,0,0,0,0,0,0,0,0,0,0,0,0,0,0,0,0,0,41,4,82,0,0,0,0,0,32,€4.00m,West Ham United,Goalkeeper,France
Taiwo Awoniyi,Nigeria,Right,12/08/1997,26,23,0.12,94,65,4,25,400,33,6,0,0,0,0,2.12,23,14,0,4,0,0,9,44,8,1,0,1,0,0,0,0,0,0,0,0,0,0,0,0,0,0,0,0,27,€10.00m,Nottingham Forest,Centre-Forward,Nigeria
Rayan Aït-Nouri,Algeria,Left,06/06/2001,0,0,4.0,1377,87,65,32,3127,220,89,26,6,1,5,2.69,104,22,7,20,63,22,119,53,30,4,1,6,4,30,37,0,0,0,0,0,0,0,0,0,0,0,0,0,24,€28.00m,Manchester City,Left-Back,Algeria
Leon Bailey,Jamaica,Left,09/08/1997,24,10,2.95,352,78,21,67,1143,53,7,3,0,0,3,1.73,74,6,2,13,25,8,46,48,12,1,3,3,0,17,0,2,2,0,0,0,0,0,0,0,0,0,0,0,27,€25.00m,Aston Villa,Right Winger,Jamaica
Stefan Bajcetic,Spain,Right,22/10/2004,0,0,0.0,0,0,0,0,0,0,0,0,0,0,0,0.0,0,0,0,0,0,0,0,0,0,0,0,0,0,0,0,0,0,0,0,0,0,0,0,0,0,0,0,0,20,€4.50m,Liverpool FC,Defensive Midfield,Spain
Ross Barkley,England,Right,05/12/1993,20,17,0.43,392,86,16,56,569,35,14,10,3,0,3,1.76,19,6,1,4,0,0,16,75,8,3,0,0,3,0,0,0,0,0,0,0,0,0,0,0,0,0,0,0,31,€1.50m,Aston Villa,Central Midfield,England
Harvey Barnes,England,Right,09/12/1997,0,0,0.0,0,0,0,0,0,0,0,0,0,0,0,0.0,0,0,0,0,0,0,0,0,0,0,0,0,0,0,0,0,0,0,0,0,0,0,0,0,0,0,0,0,27,€30.00m,Newcastle United,Left Winger,England
Enzo Barrenechea,Argentina,Left,22/05/2001,0,0,0.0,0,0,0,0,0,0,0,0,0,0,0,0.0,0,0,0,0,0,0,0,0,0,0,0,0,0,0,0,0,0,0,0,0,0,0,0,0,0,0,0,0,24,€6.00m,Aston Villa,Defensive Midfield,Argentina
Jean-Ricner Bellegarde,France,Right,27/06/1998,35,15,2.75,551,83,28,50,1681,110,39,10,3,0,3,1.53,50,10,7,4,38,29,45,31,31,2,0,1,0,5,0,2,2,0,0,0,0,0,0,0,0,0,0,0,27,€12.00m,Wolverhampton Wanderers,Central Midfield,France
Rodrigo Bentancur,Uruguay,Right,25/06/1997,26,5,1.0,1068,88,39,59,1653,95,40,40,8,0,9,1.33,26,36,0,8,4,50,17,53,34,2,0,1,0,0,0,0,0,0,0,0,0,0,0,0,0,0,0,0,28,€25.00m,Tottenham Hotspur,Defensive Midfield,Uruguay
Sander Berge,Norway,Right,14/02/1998,31,5,0.63,1189,92,85,69,2227,99,50,21,8,0,6,0.35,14,28,0,2,0,0,17,65,31,0,0,0,0,0,0,0,0,0,0,0,0,0,0,0,0,0,0,0,27,€20.00m,Fulham FC,Defensive Midfield,Norway
Lucas Bergvall,Sweden,Right,02/02/2006,27,16,0.82,688,89,43,67,1206,86,39,24,8,0,3,0.7,23,9,1,7,11,27,41,51,20,0,1,0,0,8,0,0,0,0,0,0,0,0,0,0,0,0,0,0,19,€35.00m,Tottenham Hotspur,Central Midfield,Sweden
Philip Billing,Denmark,Left,11/06/1996,10,9,0.95,90,74,6,33,176,23,14,5,0,0,1,0.56,12,6,0,2,4,50,0,0,3,0,0,0,0,6,0,0,0,0,0,0,0,0,0,0,0,0,0,0,29,€6.00m,AFC Bournemouth,Central Midfield,Denmark
Yves Bissouma,Mali,Right,30/08/1996,28,12,0.63,846,89,43,47,1405,81,49,18,6,0,7,0.63,5,7,0,0,2,50,22,32,28,2,0,0,4,0,0,0,0,0,0,0,0,0,0,0,0,0,0,0,28,€22.00m,Tottenham Hotspur,Defensive Midfield,Mali
Lamare Bogarde,Netherlands,Right,05/01/2004,8,3,0.13,253,88,9,33,475,33,14,1,3,0,2,0.04,4,6,0,0,0,0,3,67,8,0,0,0,0,0,0,0,0,0,0,0,0,0,0,0,0,0,0,0,21,€1.70m,Aston Villa,Defensive Midfield,Netherlands
Bruno Fernandes,Portugal,Right,08/09/1994,36,1,7.98,2020,82,265,61,3024,174,84,26,6,2,3,9.95,82,23,10,16,85,13,61,46,32,8,3,2,36,91,0,12,12,0,0,0,0,0,0,0,3,3,0,0,30,€50.00m,Manchester United,Attacking Midfield,Portugal
Sven Botman,Netherlands,Left,12/01/2000,8,2,0.23,245,89,14,50,414,34,12,5,4,0,1,0.59,11,17,0,5,0,0,2,50,5,0,0,0,0,0,0,0,0,0,0,0,0,0,0,0,0,0,0,0,25,€38.00m,Newcastle United,Centre-Back,Netherlands
Jarrod Bowen,England,Left,20/12/1996,0,0,6.47,700,79,25,76,2979,148,41,16,4,0,1,8.65,183,12,8,37,60,17,120,37,20,13,1,10,15,44,34,1,1,0,0,0,0,0,0,0,1,1,0,0,28,€35.00m,West Ham United,Right Winger,England
Conor Bradley,Northern Ireland,Right,09/07/2003,0,0,0.0,0,0,0,0,0,0,0,0,0,0,0,0.0,0,0,0,0,0,0,0,0,0,0,0,0,0,0,0,0,0,0,0,0,0,0,0,0,0,0,0,0,21,€25.00m,Liverpool FC,Right-Back,Northern Ireland
Jarrad Branthwaite,England,Left,27/06/2002,30,2,0.6,1184,83,188,45,2510,118,36,27,23,0,4,1.2,28,62,1,6,0,0,5,60,12,0,0,1,0,0,0,0,0,0,0,0,0,0,0,0,0,0,0,0,23,€45.00m,Everton FC,Centre-Back,England
Armando Broja,Albania,Right,10/09/2001,10,6,0.0,71,75,0,0,331,33,3,1,0,0,1,0.0,18,18,0,0,0,0,15,53,6,0,0,3,0,0,0,0,0,0,0,0,0,0,0,0,0,0,0,0,23,€8.00m,Chelsea FC,Centre-Forward,Albania
David Brooks,Wales,Left,08/07/1997,29,20,2.02,348,82,16,81,949,50,14,5,2,0,3,2.52,41,7,0,9,33,18,31,35,11,2,0,0,4,17,0,0,0,0,0,0,0,0,0,0,0,0,0,0,27,€5.00m,AFC Bournemouth,Right Winger,Wales
Emiliano Buendía,Argentina,Right,25/12/1996,12,12,0.04,60,82,5,20,89,12,6,0,1,0,1,0.65,4,0,0,0,0,0,0,0,4,0,0,0,0,0,0,1,1,0,0,0,0,0,0,0,0,0,0,0,28,€10.00m,Aston Villa,Attacking Midfield,Argentina
Santiago Bueno,Uruguay,Right,09/11/1998,29,11,0.12,837,88,72,40,1682,81,41,15,21,0,2,0.43,7,35,0,0,0,0,0,0,26,0,1,0,0,0,0,0,0,0,0,0,0,0,0,0,0,0,0,0,26,€5.00m,Wolverhampton Wanderers,Centre-Back,Uruguay
Hugo Bueno,Spain,Left,18/09/2002,0,0,0.0,0,0,0,0,0,0,0,0,0,0,0,0.0,0,0,0,0,0,0,0,0,0,0,0,0,0,0,0,0,0,0,0,0,0,0,0,0,0,0,0,0,22,€3.50m,Wolverhampton Wanderers,Left-Back,Spain
Facundo Buonanotte,Argentina,Left,23/12/2004,31,17,2.27,515,80,35,49,1513,134,53,12,6,0,8,3.93,44,18,2,10,12,25,77,36,37,5,1,3,6,26,0,0,0,0,0,0,0,0,0,0,0,0,0,0,20,€18.00m,Brighton & Hove Albion,Attacking Midfield,Argentina
Dan Burn,England,Left,09/05/1992,0,0,1.09,1994,89,131,44,3330,200,39,27,25,0,11,1.96,52,148,1,9,0,0,4,75,34,1,0,5,0,0,37,0,0,0,2,0,0,0,0,0,0,0,0,0,33,€2.00m,Newcastle United,Centre-Back,England
Moisés Caicedo,Ecuador,Right,02/11/2001,0,0,2.82,2153,90,152,63,3356,236,114,49,10,0,11,0.82,17,36,2,0,10,40,51,57,70,1,1,0,10,0,38,0,0,0,0,0,0,0,0,0,0,0,0,0,23,€80.00m,Chelsea FC,Defensive Midfield,Ecuador
Riccardo Calafiori,Italy,Left,19/05/2002,19,8,0.71,479,88,21,71,984,64,27,9,6,0,4,0.86,33,22,1,3,11,18,12,75,16,2,1,3,0,0,0,0,0,0,0,0,0,0,0,0,0,0,0,0,23,€30.00m,Arsenal FC,Left-Back,Italy
Pedro Lima,Brazil,Right,01/07/2006,3,2,0.09,26,77,0,0,70,3,1,2,0,0,0,0.06,3,0,0,0,5,60,3,33,1,0,0,1,0,0,0,0,0,0,0,0,0,0,0,0,0,0,0,0,19,€1.00m,Wolverhampton Wanderers,Right-Back,Brazil
Matty Cash,Poland,Right,07/08/1997,27,3,1.25,764,85,58,43,2077,115,56,23,8,0,7,0.49,43,20,1,0,40,13,35,54,27,1,0,1,3,0,0,0,0,0,0,0,0,0,0,0,0,0,0,0,27,€20.00m,Aston Villa,Right-Back,Poland
Eiran Cashin,Ireland,Left,09/11/2001,2,2,0.0,27,85,3,33,19,2,0,0,0,0,0,0.0,0,2,0,0,0,0,0,0,0,0,0,0,0,0,0,0,0,0,0,0,0,0,0,0,0,0,0,0,23,€4.00m,Brighton & Hove Albion,Centre-Back,Ireland
Casemiro,Brazil,Right,23/02/1992,24,6,2.0,960,80,91,54,1497,141,83,14,10,0,5,1.83,43,39,0,7,20,40,6,50,20,1,1,4,9,0,0,0,0,0,0,0,0,0,0,0,0,0,0,0,33,€6.00m,Manchester United,Defensive Midfield,Brazil
Timothy Castagne,Belgium,Right,05/12/1995,24,7,0.55,786,83,61,39,1643,91,46,22,6,0,1,0.38,32,35,1,4,37,11,10,50,15,0,0,1,0,0,0,0,0,0,0,0,0,0,0,0,0,0,0,0,29,€8.00m,Fulham FC,Right-Back,Belgium
Trevoh Chalobah,England,Right,05/07/1999,25,2,0.29,1094,86,122,41,1974,106,31,29,12,0,3,0.79,26,45,1,0,10,10,11,73,19,3,0,1,0,0,0,0,0,0,0,0,0,0,0,0,0,0,0,0,26,€22.00m,Chelsea FC,Centre-Back,England
Federico Chiesa,Italy,Right,25/10/1997,6,5,0.16,28,93,0,0,104,3,1,0,0,0,0,0.34,4,0,0,0,0,0,0,0,3,0,1,0,3,0,0,0,0,0,0,0,0,0,0,0,0,0,0,0,27,€8.00m,Liverpool FC,Right Winger,Italy
Ben Chilwell,England,Left,21/12/1996,8,7,0.0,94,72,16,19,254,15,7,6,2,0,1,0.0,3,3,0,0,5,20,5,40,2,1,0,2,0,0,0,0,0,0,0,0,0,0,0,0,0,0,0,0,28,€10.00m,Chelsea FC,Left-Back,England
Ryan Christie,Scotland,Left,22/02/1995,29,2,2.99,999,82,121,45,2131,128,54,30,11,0,9,2.12,49,22,3,11,23,26,45,51,43,2,2,1,12,26,0,0,0,0,0,0,0,0,0,0,0,0,0,0,30,€5.00m,AFC Bournemouth,Defensive Midfield,Scotland
Carney Chukwuemeka,England,Right,20/10/2003,0,0,0.0,0,0,0,0,0,0,0,0,0,0,0,0.0,0,0,0,0,0,0,0,0,0,0,0,0,0,0,0,0,0,0,0,0,0,0,0,0,0,0,0,0,21,€14.00m,Chelsea FC,Central Midfield,England
Nathan Collins,Ireland,Right,30/04/2001,0,0,1.58,1961,86,184,43,3420,194,40,34,57,0,5,2.5,71,119,3,6,8,25,11,55,29,2,0,6,0,0,38,0,0,0,0,0,0,0,0,0,0,0,0,0,24,€25.00m,Brentford FC,Centre-Back,Ireland
Toby Collyer,England,Right,03/01/2004,6,6,0.39,90,82,3,67,175,20,12,2,1,0,0,0.17,3,3,0,0,0,0,2,50,2,0,0,0,0,0,0,0,0,0,0,0,0,0,0,0,0,0,0,0,21,€1.00m,Manchester United,Defensive Midfield,England
Levi Colwill,England,Left,26/02/2003,0,0,1.21,2595,90,202,43,3149,156,47,33,25,0,9,1.89,36,83,1,4,13,23,11,55,45,2,0,5,0,0,35,0,0,0,0,0,0,0,0,0,0,0,0,0,22,€50.00m,Chelsea FC,Centre-Back,England
Lewis Cook,England,Right,03/02/1997,36,4,3.75,1378,82,135,47,2978,145,81,41,11,1,8,0.94,20,41,3,2,48,29,20,65,49,1,0,3,4,77,0,1,1,0,0,0,0,0,0,0,0,0,0,0,28,€10.00m,AFC Bournemouth,Central Midfield,England
Maxwel Cornet,Cote d’Ivoire,Right,27/09/1996,2,1,0.0,19,89,0,0,71,9,5,0,0,0,1,0.0,2,3,0,0,0,0,0,0,0,0,0,1,0,2,0,0,0,0,0,0,0,0,0,0,0,0,0,0,28,€4.00m,West Ham United,Left Winger,Cote d'Ivoire
Murillo,Brazil,Left,04/07/2002,0,0,1.14,1420,80,287,42,3191,130,53,36,45,0,6,1.42,26,44,0,6,8,25,37,73,27,2,2,0,3,0,36,3,3,0,0,0,0,0,0,0,0,0,0,0,23,€55.00m,Nottingham Forest,Centre-Back,Brazil
Marc Cucurella,Spain,Left,22/07/1998,36,3,2.39,1633,89,108,40,2989,141,67,28,16,1,8,2.8,76,32,1,8,31,16,13,31,37,5,0,3,4,2,0,0,0,0,0,0,0,0,0,0,0,0,0,0,26,€30.00m,Chelsea FC,Left-Back,Spain
Jorge Cuenca,Spain,Left,17/11/1999,8,4,0.01,170,84,17,24,350,16,6,2,4,0,0,0.02,1,6,0,0,0,0,0,0,2,0,0,0,0,0,0,0,0,0,0,0,0,0,0,0,0,0,0,0,25,€1.00m,Fulham FC,Centre-Back,Spain
Diogo Dalot,Portugal,Right,18/03/1999,33,2,2.46,1373,84,114,48,2813,142,68,37,9,0,5,2.03,71,38,3,9,66,18,49,55,40,0,2,4,3,0,0,0,0,0,0,0,0,0,0,0,0,0,0,0,26,€25.00m,Manchester United,Right-Back,Portugal
Mikkel Damsgaard,Denmark,Right,03/07/2000,38,4,6.99,1368,78,124,49,2926,172,83,27,3,0,2,2.83,78,12,10,15,76,25,86,58,18,2,0,6,0,60,0,3,3,0,0,0,0,0,0,0,0,0,0,0,25,€24.00m,Brentford FC,Attacking Midfield,Denmark
Ben Davies,Wales,Left,24/04/1993,17,3,0.5,1011,88,83,45,1330,77,17,12,19,0,5,0.28,13,53,0,2,4,25,0,0,17,0,0,0,0,0,0,0,0,0,0,0,0,0,0,0,0,0,0,0,32,€1.50m,Tottenham Hotspur,Centre-Back,Wales
Liam Delap,England,Right,08/02/2003,37,5,0.0,348,62,19,26,2612,157,11,2,0,0,12,0.0,106,58,2,0,5,20,77,52,72,12,3,14,0,0,0,0,0,0,0,0,0,0,0,0,2,2,0,0,22,€35.00m,Chelsea FC,Centre-Forward,England
Leander Dendoncker,Belgium,Right,15/04/1995,0,0,0.0,0,0,0,0,0,0,0,0,0,0,0,0.0,0,0,0,0,0,0,0,0,0,0,0,0,0,0,0,0,0,0,0,0,0,0,0,0,0,0,0,0,30,€700k,Aston Villa,Defensive Midfield,Belgium
Justin Devenny,Northern Ireland,Left,11/10/2003,23,19,0.41,186,78,16,38,496,21,17,0,1,0,1,0.76,8,2,1,3,5,20,4,50,8,1,0,1,5,9,0,1,1,0,0,0,0,0,0,0,0,0,0,0,21,€1.50m,Crystal Palace,Central Midfield,Northern Ireland
Alfie Devine,England,Right,01/08/2004,0,0,0.0,0,0,0,0,0,0,0,0,0,0,0,0.0,0,0,0,0,0,0,0,0,0,0,0,0,0,0,0,0,0,0,0,0,0,0,0,0,0,0,0,0,20,€300k,Tottenham Hotspur,Attacking Midfield,England
Kiernan Dewsbury-Hall,England,Left,06/09/1998,13,11,0.22,149,85,8,50,259,16,8,2,0,0,0,0.22,8,0,1,0,0,0,4,50,4,0,0,0,0,2,0,0,0,0,0,0,0,0,0,0,0,0,0,0,26,€15.00m,Chelsea FC,Central Midfield,England
Amad Diallo,Cote d’Ivoire,Left,11/07/2002,26,6,4.18,854,86,27,48,1901,117,38,11,2,0,5,4.68,152,10,6,19,15,60,84,49,21,8,0,9,10,32,0,0,0,0,0,0,0,0,0,0,0,0,0,0,22,€40.00m,Manchester United,Right Winger,Cote d'Ivoire
Lucas Digne,France,Left,20/07/1993,32,4,4.01,980,83,70,43,2358,127,65,25,4,0,4,0.8,28,39,4,0,82,28,18,50,21,0,0,7,6,57,0,5,5,0,0,0,0,0,0,0,0,0,0,0,31,€5.00m,Aston Villa,Left-Back,France
Issa Diop,France,Right,09/01/1997,21,6,0.1,755,88,85,46,1335,51,26,9,7,0,2,0.53,14,20,0,0,0,0,2,50,10,0,0,0,0,0,0,0,0,0,1,0,0,0,0,0,0,0,0,0,28,€9.00m,Fulham FC,Centre-Back,France
Nasser Djiga,Burkina Faso,Right,15/11/2002,5,4,0.01,46,83,7,29,65,2,0,2,0,0,0,0.0,0,1,0,0,0,0,0,0,0,0,0,0,0,0,0,0,0,0,0,0,0,0,0,0,0,0,0,0,22,€6.00m,Wolverhampton Wanderers,Centre-Back,Burkina Faso
Ben Doak,Scotland,Right,11/11/2005,0,0,0.0,0,0,0,0,0,0,0,0,0,0,0,0.0,0,0,0,0,0,0,0,0,0,0,0,0,0,0,0,0,0,0,0,0,0,0,0,0,0,0,0,0,19,€8.00m,Liverpool FC,Right Winger,Scotland
Jérémy Doku,Belgium,Right,27/05/2002,29,13,3.8,700,84,6,83,1513,171,31,4,1,0,1,1.32,182,0,6,15,59,19,167,64,10,3,0,5,4,2,0,0,0,0,0,0,0,0,0,0,0,0,0,0,23,€45.00m,Manchester City,Left Winger,Belgium
Cheick Doucouré,Mali,Right,08/01/2000,13,9,0.11,203,86,13,62,445,30,16,11,0,0,1,0.4,4,5,0,0,0,0,4,50,7,0,0,0,0,0,0,0,0,0,0,0,0,0,0,0,0,0,0,0,25,€20.00m,Crystal Palace,Defensive Midfield,Mali
Lewis Dunk,England,Right,21/11/1991,25,2,1.04,1934,91,180,50,2083,79,17,13,18,0,5,0.81,21,52,0,5,0,0,0,0,7,0,0,2,0,0,0,1,1,0,1,0,0,0,0,0,0,0,0,0,33,€1.50m,Brighton & Hove Albion,Centre-Back,England
Luis Díaz,Colombia,Right,13/01/1997,36,8,4.46,826,86,40,85,2410,136,39,7,0,0,2,12.02,181,14,5,31,32,34,104,51,48,13,2,10,8,1,0,0,0,0,0,0,0,0,0,0,0,0,0,0,28,€65.00m,Liverpool FC,Left Winger,Colombia
Claudio Echeverri,Argentina,Right,02/01/2006,1,1,0.01,0,0,0,0,5,1,1,0,0,0,0,0.0,0,0,0,0,0,0,0,0,0,0,0,0,0,0,0,0,0,3,0,0,0,0,0,0,0,0,0,0,19,€14.00m,Manchester City,Attacking Midfield,Argentina
Anthony Elanga,Sweden,Right,27/04/2002,38,7,5.11,632,78,22,50,2507,115,19,6,1,0,1,4.47,122,24,11,15,76,17,64,39,9,6,1,18,10,86,0,6,6,0,0,0,0,0,0,0,0,0,0,0,23,€40.00m,Nottingham Forest,Right Winger,Sweden
Harvey Elliott,England,Left,04/04/2003,18,16,0.65,269,85,24,75,360,11,5,1,2,0,1,1.76,23,1,2,4,0,0,8,50,0,1,1,1,3,6,0,1,1,0,0,0,0,0,0,0,0,0,0,0,22,€25.00m,Liverpool FC,Attacking Midfield,England
Wataru Endo,Japan,Right,09/02/1993,20,19,0.1,189,94,0,0,261,24,12,6,1,0,0,0.0,3,3,0,0,0,0,0,0,15,0,0,0,0,0,0,0,0,0,0,0,0,0,0,0,0,0,0,0,32,€3.50m,Liverpool FC,Defensive Midfield,Japan
Romain Esse,England,Left,13/05/2005,7,6,0.42,42,76,4,50,135,17,9,1,0,0,0,0.32,11,3,1,0,0,0,6,33,2,1,0,0,0,0,0,0,0,0,0,0,0,0,0,0,0,0,0,0,20,€8.00m,Crystal Palace,Right Winger,England
Pervis Estupiñán,Ecuador,Left,21/01/1998,30,4,2.49,1308,88,59,44,2403,150,65,37,5,0,5,1.17,36,46,1,0,80,28,32,59,36,1,0,3,13,37,0,3,3,0,0,0,0,0,0,0,0,0,0,0,27,€25.00m,Brighton & Hove Albion,Left-Back,Ecuador
Eberechi Eze,England,Right,29/06/1998,34,3,4.68,914,82,65,55,2600,164,39,11,0,0,1,10.5,104,7,8,27,29,24,129,52,13,8,5,9,35,62,0,16,16,0,0,0,0,0,0,0,2,1,0,0,27,€50.00m,Crystal Palace,Attacking Midfield,England
Romain Faivre,France,Left,14/07/1998,0,0,0.0,0,0,0,0,0,0,0,0,0,0,0,0.0,0,0,0,0,0,0,0,0,0,0,0,0,0,0,0,0,0,0,0,0,0,0,0,0,0,0,0,0,26,€2.00m,AFC Bournemouth,Right Midfield,France
Evan Ferguson,Ireland,Right,19/10/2004,21,18,0.4,93,76,5,40,387,23,7,1,2,0,0,0.54,20,9,0,2,0,0,7,57,4,1,0,0,0,0,0,1,1,0,0,0,0,0,0,0,0,0,0,0,20,€22.00m,Brighton & Hove Albion,Centre-Forward,Ireland
Enzo Fernández,Argentina,Right,17/01/2001,36,4,6.22,1778,84,172,58,2946,159,65,13,7,0,8,6.13,85,15,7,14,45,20,47,55,52,6,0,2,14,74,0,2,2,0,0,0,0,0,0,0,0,0,0,0,24,€75.00m,Chelsea FC,Central Midfield,Argentina
Jota Silva,Portugal,Right,01/08/1999,31,26,1.84,171,66,15,40,840,81,27,12,1,0,5,2.11,48,21,1,8,21,19,25,40,24,3,1,8,3,1,0,0,0,0,0,0,0,0,0,0,0,0,0,0,25,€10.00m,Nottingham Forest,Right Winger,Portugal
Fábio Vieira,Portugal,Left,30/05/2000,0,0,0.0,0,0,0,0,0,0,0,0,0,0,0,0.0,0,0,0,0,0,0,0,0,0,0,0,0,0,0,0,0,0,0,0,0,0,0,0,0,0,0,0,0,25,€18.00m,Arsenal FC,Attacking Midfield,Portugal
Phil Foden,England,Left,28/05/2000,28,8,5.34,852,89,44,77,1779,64,13,9,1,0,2,5.16,87,3,2,8,26,38,37,38,5,7,1,3,19,46,0,2,2,0,0,0,0,0,0,0,0,0,0,0,25,€85.00m,Manchester City,Right Winger,England
Wesley Fofana,France,Right,17/12/2000,0,0,0.22,781,91,33,42,1176,64,13,14,9,0,7,0.44,12,27,0,0,0,0,11,73,24,0,0,0,0,0,14,0,0,0,0,0,0,0,0,0,0,0,0,0,24,€22.00m,Chelsea FC,Centre-Back,France
David Datro Fofana,Cote d’Ivoire,Right,22/12/2002,0,0,0.0,0,0,0,0,0,0,0,0,0,0,0,0.0,0,0,0,0,0,0,0,0,0,0,0,0,0,0,0,0,0,0,0,0,0,0,0,0,0,0,0,0,22,€1.80m,Chelsea FC,Centre-Forward,Cote d'Ivoire
Matheus França,Brazil,Right,01/04/2004,4,4,0.18,14,71,0,0,52,3,2,1,1,0,0,0.25,8,1,0,0,0,0,0,0,0,1,0,0,0,0,0,0,0,0,0,0,0,0,0,0,0,0,0,0,21,€5.00m,Crystal Palace,Attacking Midfield,Brazil
Fábio Carvalho,Portugal,Right,30/08/2002,19,16,0.56,166,75,10,50,446,27,13,3,1,0,1,2.51,24,2,1,5,5,20,12,17,5,2,1,1,3,7,0,0,0,0,0,0,0,0,0,0,0,0,0,0,22,€9.00m,Brentford FC,Attacking Midfield,Portugal
João Félix,Portugal,Right,10/11/1999,12,9,0.45,195,86,9,56,364,39,8,3,0,0,2,2.23,30,4,1,3,0,0,24,42,6,1,0,1,6,0,0,0,0,0,0,0,0,0,0,0,0,0,0,0,25,€18.00m,Chelsea FC,Second Striker,Portugal
Niclas Füllkrug,Germany,Right,09/02/1993,18,12,0.42,196,68,9,44,788,50,4,1,0,0,2,2.17,40,39,2,6,0,0,7,14,21,3,2,10,0,0,0,0,0,0,0,0,0,0,0,0,0,0,0,0,32,€6.00m,West Ham United,Centre-Forward,Germany
Cody Gakpo,Netherlands,Right,07/05/1999,35,12,3.77,547,84,18,72,1938,107,28,12,3,0,5,7.09,124,17,4,17,74,15,52,60,20,10,1,5,6,1,0,0,0,0,0,0,0,0,0,0,0,0,0,0,26,€65.00m,Liverpool FC,Left Winger,Netherlands
Gonçalo Guedes,Portugal,Right,29/11/1996,29,19,0.93,310,77,23,39,987,47,16,5,0,0,1,3.2,41,6,4,5,21,29,24,38,15,2,0,3,9,1,0,0,0,0,0,0,0,0,0,0,0,0,0,0,28,€7.00m,Wolverhampton Wanderers,Left Winger,Portugal
Andrés García,Spain,Right,07/02/2003,7,2,0.45,158,92,6,50,317,14,9,2,0,0,0,0.04,2,0,0,0,18,28,17,29,1,0,0,0,0,0,0,0,0,0,0,0,0,0,0,0,0,0,0,0,22,€2.20m,Aston Villa,Right-Back,Spain
Alejandro Garnacho,Argentina,Right,01/07/2004,36,13,2.77,750,83,28,64,2195,102,30,13,0,0,3,7.33,186,3,2,39,55,15,81,32,12,6,3,10,14,2,0,0,0,0,0,0,0,0,0,0,0,0,0,0,21,€40.00m,Manchester United,Attacking Midfield,Argentina
James Garner,England,Right,13/03/2001,21,4,1.38,698,82,55,51,1594,80,47,23,4,0,5,0.67,15,11,1,4,28,18,19,37,20,0,1,0,2,23,0,1,1,0,0,0,0,0,0,0,0,0,0,0,24,€12.00m,Everton FC,Defensive Midfield,England
Tyrique George,England,Right,04/02/2006,8,7,0.27,50,82,0,0,178,5,2,2,0,0,1,0.2,10,0,1,0,3,33,5,60,3,1,0,2,0,0,0,0,0,0,0,0,0,0,0,0,0,0,0,0,19,€5.00m,Chelsea FC,Left Winger,England
Morgan Gibbs-White,England,Right,27/01/2000,0,0,4.69,1213,81,82,62,2822,154,43,23,5,1,9,6.34,97,41,8,15,45,29,66,47,38,7,0,7,13,1,34,4,4,0,0,0,0,0,0,0,0,0,0,0,25,€50.00m,Nottingham Forest,Attacking Midfield,England
Bryan Gil,Spain,Left,11/02/2001,0,0,0.0,0,0,0,0,0,0,0,0,0,0,0,0.0,0,0,0,0,0,0,0,0,0,0,0,0,0,0,0,0,0,0,0,0,0,0,0,0,0,0,0,0,24,€10.00m,Tottenham Hotspur,Left Winger,Spain
Alfie Gilchrist,England,Right,28/11/2003,0,0,0.0,0,0,0,0,0,0,0,0,0,0,0,0.0,0,0,0,0,0,0,0,0,0,0,0,0,0,0,0,0,0,0,0,0,0,0,0,0,0,0,0,0,21,€3.00m,Chelsea FC,Right-Back,England
Beto,Guinea-Bissau,Right,31/01/1998,30,15,0.47,264,59,8,38,1528,155,14,4,2,0,2,7.86,92,99,0,18,4,25,36,53,33,8,2,16,5,1,0,0,0,0,0,0,0,0,0,0,0,0,0,0,27,€18.00m,Everton FC,Centre-Forward,Guinea-Bissau
João Gomes,Brazil,Right,12/02/2001,36,1,1.9,1574,86,84,52,2987,204,116,25,4,1,9,2.89,46,11,1,7,28,21,58,52,70,3,1,1,8,1,0,0,0,0,0,0,0,0,0,0,0,0,0,0,24,€35.00m,Wolverhampton Wanderers,Central Midfield,Brazil
Joe Gomez,England,Right,23/05/1997,9,3,0.1,416,89,28,46,519,25,13,7,6,0,1,0.33,5,9,0,0,2,50,0,0,2,0,0,0,0,0,0,0,0,0,0,0,0,0,0,0,0,0,0,0,28,€16.00m,Liverpool FC,Centre-Back,England
Nico González,Spain,Right,03/01/2002,11,2,0.49,621,92,17,47,763,38,16,8,0,0,3,0.48,11,16,0,0,0,0,4,25,13,1,2,0,2,0,0,0,0,0,0,0,0,0,0,0,0,0,0,0,23,€35.00m,Manchester City,Central Midfield,Spain
Enso González,Paraguay,Left,20/01/2005,0,0,0.0,0,0,0,0,0,0,0,0,0,0,0,0.0,0,0,0,0,0,0,0,0,0,0,0,0,0,0,0,0,0,0,0,0,0,0,0,0,0,0,0,0,20,€600k,Wolverhampton Wanderers,Left Winger,Paraguay
Anthony Gordon,England,Right,24/02/2001,34,6,5.11,809,81,38,58,2444,149,32,7,2,0,2,8.03,139,8,5,20,76,28,85,45,20,6,1,8,12,53,0,1,1,0,0,0,0,0,0,0,2,1,0,0,24,€60.00m,Newcastle United,Left Winger,England
Ryan Gravenberch,Netherlands,Right,16/05/2002,0,0,0.0,0,0,0,0,0,0,0,0,0,0,0,0.0,0,0,0,0,0,0,0,0,0,0,0,0,0,0,0,0,0,0,0,0,0,0,0,0,0,0,0,0,23,€75.00m,Liverpool FC,Defensive Midfield,Netherlands
Archie Gray,England,Right,12/03/2006,0,0,0.0,0,0,0,0,0,0,0,0,0,0,0,0.0,0,0,0,0,0,0,0,0,0,0,0,0,0,0,0,0,0,0,0,0,0,0,0,0,0,0,0,0,19,€32.00m,Tottenham Hotspur,Defensive Midfield,England
Jack Grealish,England,Right,10/09/1995,20,13,1.69,412,91,12,83,715,48,9,2,2,0,3,1.13,75,1,1,7,16,19,22,59,5,1,0,0,3,9,0,0,0,0,0,0,0,0,0,0,0,0,0,0,29,€25.00m,Manchester City,Left Winger,England
Brajan Gruda,Germany,Left,31/05/2004,21,13,1.93,212,78,13,54,681,44,16,2,0,0,0,1.21,51,3,4,0,7,14,25,52,7,1,0,1,3,17,0,2,2,0,0,0,0,0,0,0,0,0,0,0,21,€22.00m,Brighton & Hove Albion,Right Winger,Germany
Bruno Guimarães,Brazil,Right,16/11/1997,0,0,5.39,1758,84,162,53,3282,243,83,29,10,0,7,4.31,90,19,6,9,18,33,61,56,65,5,1,2,10,5,38,0,0,0,0,0,0,0,0,0,0,0,0,0,27,€75.00m,Newcastle United,Defensive Midfield,Brazil
Marc Guiu,Spain,Left,04/01/2006,3,3,0.02,16,69,0,0,71,1,1,0,0,0,0,0.0,3,0,0,0,0,0,0,0,0,0,0,0,0,0,0,0,0,0,0,0,0,0,0,0,0,0,0,0,19,€4.00m,Chelsea FC,Centre-Forward,Spain
Malo Gusto,France,Right,19/05/2003,32,13,1.94,1214,89,72,54,1858,78,45,24,8,0,4,1.7,44,9,1,2,53,19,15,27,20,0,0,2,9,0,0,0,0,0,0,0,0,0,0,0,0,0,0,0,22,€30.00m,Chelsea FC,Right-Back,France
Marc Guéhi,England,Right,13/07/2000,0,0,2.01,1741,84,247,46,3059,168,61,28,23,1,7,1.98,40,69,2,8,13,23,14,86,24,3,0,1,2,0,34,0,0,0,3,0,0,0,0,0,0,0,0,0,24,€40.00m,Crystal Palace,Centre-Back,England
Josko Gvardiol,Croatia,Left,23/01/2002,37,1,2.91,2528,91,127,54,3279,164,58,44,20,0,2,4.59,104,54,0,12,22,14,39,64,16,5,2,3,5,0,0,0,0,0,0,0,0,0,0,0,0,0,0,0,23,€65.00m,Manchester City,Left-Back,Croatia
Diego Gómez,Paraguay,Right,27/03/2003,16,12,1.15,289,82,13,38,512,40,21,8,0,0,0,0.87,11,10,0,0,5,20,12,50,8,1,0,1,0,6,0,2,2,0,0,0,0,0,0,0,0,0,0,0,22,€9.00m,Brighton & Hove Albion,Central Midfield,Paraguay
Erling Haaland,Norway,Left,21/07/2000,0,0,2.02,375,67,3,67,2741,94,11,5,1,0,2,22.01,204,57,3,49,3,33,33,39,24,22,4,4,5,0,31,1,1,0,0,0,0,0,0,0,4,3,0,0,24,€180.00m,Manchester City,Centre-Forward,Norway
Lewis Hall,England,Left,08/09/2004,27,3,3.73,1313,85,113,50,2192,120,58,18,18,0,3,0.41,51,30,4,0,43,21,18,61,9,0,0,1,3,55,0,0,0,0,0,0,0,0,0,0,0,0,0,0,20,€28.00m,Newcastle United,Left-Back,England
Jack Harrison,England,Left,20/11/1996,0,0,0.0,0,0,0,0,0,0,0,0,0,0,0,0.0,0,0,0,0,0,0,0,0,0,0,0,0,0,0,0,0,0,0,0,0,0,0,0,0,0,0,0,0,28,€8.00m,Leeds United,Right Winger,England
Kai Havertz,Germany,Left,11/06/1999,23,2,1.67,501,80,5,20,1874,111,16,6,4,0,5,9.56,113,65,3,20,11,18,33,27,38,9,0,14,0,0,0,0,0,0,0,0,0,0,0,0,0,0,0,0,26,€60.00m,Arsenal FC,Centre-Forward,Germany
Karl Hein,Estonia,Right,13/04/2002,0,0,0.0,0,0,0,0,0,0,0,0,0,0,0,0.0,0,0,0,0,0,0,0,0,0,0,0,0,0,0,0,0,0,0,0,0,0,0,0,0,0,0,0,0,23,€175k,Arsenal FC,Goalkeeper,Estonia
Dean Henderson,England,Right,12/03/1997,0,0,0.0,1100,57,637,27,0,0,0,0,0,0,3,0.0,0,0,0,0,0,0,0,0,0,0,0,0,0,0,38,0,0,0,0,0,51,11,104,2,0,0,1,50,28,€15.00m,Crystal Palace,Goalkeeper,England
Rico Henry,England,Left,08/07/1997,5,5,0.01,37,68,0,0,94,6,2,1,1,0,0,0.0,1,2,0,0,0,0,0,0,2,0,0,0,0,0,0,0,0,0,0,0,0,0,0,0,0,0,0,0,27,€10.00m,Brentford FC,Left-Back,England
Rodri,Spain,Right,22/06/1996,3,2,0.09,68,94,0,0,73,5,2,1,0,0,0,0.0,0,1,0,0,0,0,0,0,1,0,0,0,0,0,0,0,0,0,0,0,0,0,0,0,0,0,0,0,29,€100.00m,Manchester City,Defensive Midfield,Spain
Aaron Hickey,Scotland,Both,10/06/2002,0,0,0.0,0,0,0,0,0,0,0,0,0,0,0,0.0,0,0,0,0,0,0,0,0,0,0,0,0,0,0,0,0,0,0,0,0,0,0,0,0,0,0,0,0,23,€5.00m,Brentford FC,Right-Back,Scotland
James Hill,England,Right,10/01/2002,10,4,0.26,205,72,36,19,448,35,15,9,0,0,1,0.29,8,15,1,0,0,0,2,50,7,0,0,0,0,0,0,0,0,0,0,0,0,0,0,0,0,0,0,0,23,€150k,AFC Bournemouth,Centre-Back,England
Jack Hinshelwood,England,Right,11/04/2005,26,4,1.5,943,85,72,47,1846,58,27,16,3,0,5,2.67,36,20,2,7,15,20,10,20,18,5,0,0,0,8,0,0,0,0,0,0,0,0,0,0,0,0,0,0,20,€20.00m,Brighton & Hove Albion,Central Midfield,England
Andreas Pereira,Brazil,Right,01/01/1996,33,8,4.61,786,78,81,44,2022,75,24,8,2,0,8,3.81,51,14,4,7,48,10,22,64,28,2,0,1,13,109,0,6,6,0,0,1,0,0,0,0,0,0,0,0,29,€13.00m,Fulham FC,Attacking Midfield,Brazil
Ki-Jana Hoever,Netherlands,Right,18/01/2002,0,0,0.0,0,0,0,0,0,0,0,0,0,0,0,0.0,0,0,0,0,0,0,0,0,0,0,0,0,0,0,0,0,0,0,0,0,0,0,0,0,0,0,0,0,23,€1.00m,Wolverhampton Wanderers,Right-Back,Netherlands
Rob Holding,England,Right,20/09/1995,0,0,0.0,0,0,0,0,0,0,0,0,0,0,0,0.0,0,0,0,0,0,0,0,0,0,0,0,0,0,0,0,0,0,0,0,0,0,0,0,0,0,0,0,0,29,€200k,Crystal Palace,Centre-Back,England
Callum Hudson-Odoi,England,Right,07/11/2000,31,6,2.61,755,89,45,58,2201,87,22,13,0,0,2,2.47,80,3,2,15,73,21,55,67,12,5,2,8,8,5,0,0,0,0,0,0,0,0,0,0,0,0,0,0,24,€22.00m,Nottingham Forest,Left Winger,England
Will Hughes,England,Left,17/04/1995,0,0,0.0,0,0,0,0,0,0,0,0,0,0,0,0.0,0,0,0,0,0,0,0,0,0,0,0,0,0,0,0,0,0,0,0,0,0,0,0,0,0,0,0,0,30,€2.50m,Crystal Palace,Central Midfield,England
Bashir Humphreys,England,Left,15/03/2003,0,0,0.0,0,0,0,0,0,0,0,0,0,0,0,0.0,0,0,0,0,0,0,0,0,0,0,0,0,0,0,0,0,0,0,0,0,0,0,0,0,0,0,0,0,22,€2.00m,Burnley FC,Left-Back,England
Rasmus Højlund,Denmark,Left,04/02/2003,32,9,1.06,325,76,0,0,2013,71,3,2,0,0,2,5.24,82,31,0,15,8,38,30,30,17,4,0,13,0,0,0,0,0,0,0,0,0,0,0,0,0,0,0,0,22,€28.00m,Manchester United,Centre-Forward,Denmark
Samuel Iling-Junior,England,Left,04/10/2003,0,0,0.0,0,0,0,0,0,0,0,0,0,0,0,0.0,0,0,0,0,0,0,0,0,0,0,0,0,0,0,0,0,0,0,0,0,0,0,0,0,0,0,0,0,21,€5.00m,Aston Villa,Left Winger,England
Tim Iroegbunam,England,Right,30/06/2003,18,13,0.13,155,74,12,67,564,60,29,16,4,0,4,0.24,12,11,1,0,0,0,16,50,15,0,0,0,0,0,0,0,0,0,0,0,0,0,0,0,0,0,0,0,22,€4.50m,Everton FC,Central Midfield,England
Alexander Isak,Sweden,Right,21/09/1999,0,0,3.6,658,77,26,58,2769,94,12,3,2,0,1,20.42,211,27,6,38,16,19,89,47,27,23,3,20,8,3,34,3,3,0,0,0,0,0,0,0,4,4,0,0,25,€120.00m,Newcastle United,Centre-Forward,Sweden
Alex Iwobi,Nigeria,Right,03/05/1996,38,3,6.98,1376,80,106,54,2994,117,44,14,1,0,1,4.72,119,7,6,29,124,20,90,53,19,9,2,5,11,2,0,0,0,0,0,0,0,0,0,0,0,0,0,0,29,€24.00m,Fulham FC,Left Winger,Nigeria
Nicolas Jackson,Senegal,Right,20/06/2001,30,2,1.92,390,77,9,67,2238,90,22,3,2,1,7,12.34,153,22,5,33,3,33,50,36,35,10,6,23,4,0,0,0,0,0,0,0,0,0,0,0,0,0,0,0,24,€45.00m,Chelsea FC,Centre-Forward,Senegal
Reece James,England,Right,08/12/1999,19,7,1.16,743,88,70,51,1064,51,10,13,6,0,1,0.44,7,24,1,2,18,6,13,54,8,1,1,0,3,19,0,3,3,0,0,0,0,0,0,0,0,0,0,0,25,€25.00m,Chelsea FC,Right-Back,England
Vitaly Janelt,Germany,Left,10/05/1998,32,5,2.4,1015,84,109,44,2266,75,38,27,9,0,3,0.82,32,19,3,4,29,28,10,30,24,1,0,1,2,0,0,0,0,0,2,0,0,0,0,0,0,0,0,0,27,€15.00m,Brentford FC,Defensive Midfield,Germany
Mathias Jensen,Denmark,Right,01/01/1996,24,16,1.75,405,82,52,65,852,41,14,8,4,0,2,0.24,9,8,2,0,15,27,15,60,7,0,0,0,2,14,0,0,0,0,0,0,0,0,0,0,0,0,0,0,29,€9.00m,Brentford FC,Central Midfield,Denmark
Raúl Jiménez,Mexico,Right,05/05/1991,38,8,2.08,615,73,35,60,2505,188,35,10,5,0,4,11.99,171,92,3,36,23,22,47,45,39,12,2,15,8,0,0,1,1,0,0,0,0,0,0,0,3,3,0,0,34,€1.00m,Fulham FC,Centre-Forward,Mexico
Brennan Johnson,Wales,Right,23/05/2001,33,9,2.05,571,76,17,24,2179,91,39,4,3,0,5,10.4,135,7,3,20,53,11,41,46,27,11,4,12,0,0,0,0,0,0,0,0,0,0,0,0,0,0,0,0,24,€38.00m,Tottenham Hotspur,Right Winger,Wales
Sam Johnstone,England,Right,25/03/1993,0,0,0.0,249,63,149,42,0,0,0,0,0,0,0,0.0,0,0,0,0,0,0,0,0,0,0,0,0,0,0,7,0,0,0,0,0,17,0,23,2,0,0,0,0,32,€1.80m,Wolverhampton Wanderers,Goalkeeper,England
Curtis Jones,England,Right,30/01/2001,33,14,1.58,1059,94,36,61,1710,90,39,7,9,1,1,4.34,64,14,3,17,8,13,20,60,18,3,0,1,8,1,0,0,0,0,0,0,0,0,0,0,0,0,0,0,24,€40.00m,Liverpool FC,Central Midfield,England
João Pedro,Brazil,Right,26/09/2001,27,4,3.09,626,75,24,58,1953,132,16,9,0,1,4,8.9,133,42,6,18,21,24,76,38,26,10,1,2,6,4,0,0,0,0,0,0,0,0,0,0,5,5,0,0,23,€45.00m,Chelsea FC,Centre-Forward,Brazil
Filip Jørgensen,Denmark,Right,16/04/2002,0,0,0.0,170,82,40,25,0,0,0,0,0,0,0,0.0,0,0,0,0,0,0,0,0,1,0,0,0,0,0,6,0,0,0,0,0,9,1,20,1,0,0,0,0,23,€12.00m,Chelsea FC,Goalkeeper,Denmark
Issa Kaboré,Burkina Faso,Right,12/05/2001,0,0,0.0,0,0,0,0,0,0,0,0,0,0,0,0.0,0,0,0,0,0,0,0,0,0,0,0,0,0,0,0,0,0,0,0,0,0,0,0,0,0,0,0,0,24,€600k,Manchester City,Right-Back,Burkina Faso
Sasa Kalajdzic,Austria,Right,07/07/1997,0,0,0.0,0,0,0,0,0,0,0,0,0,0,0,0.0,0,0,0,0,0,0,0,0,0,0,0,0,0,0,0,0,0,0,0,0,0,0,0,0,0,0,0,0,27,€500k,Wolverhampton Wanderers,Centre-Forward,Austria
Daichi Kamada,Japan,Right,05/08/1996,34,19,1.59,718,82,44,57,1554,79,47,18,5,1,4,1.09,34,4,0,8,16,19,16,44,28,0,0,2,5,16,0,0,0,0,0,0,0,0,0,0,0,0,0,0,28,€8.00m,Crystal Palace,Attacking Midfield,Japan
Boubacar Kamara,France,Right,23/11/1999,26,6,0.83,930,89,52,50,1725,115,50,19,7,0,2,0.82,13,21,0,3,0,0,18,50,30,1,0,0,0,1,0,0,0,0,0,0,0,0,0,0,0,0,0,0,25,€35.00m,Aston Villa,Defensive Midfield,France
Michael Kayode,Italy,Right,10/07/2004,12,6,0.69,173,85,13,54,528,38,17,7,0,0,2,0.21,13,9,1,0,10,30,17,53,8,0,0,0,0,0,0,0,0,0,0,0,0,0,0,0,0,0,0,0,20,€12.00m,Brentford FC,Right-Back,Italy
Michael Keane,England,Right,11/01/1993,14,3,0.04,372,84,74,59,1046,38,12,16,10,0,5,0.62,17,26,0,2,0,0,0,0,9,3,1,0,0,0,0,0,0,0,0,0,0,0,0,0,0,0,0,0,32,€1.00m,Everton FC,Centre-Back,England
Caoimhín Kelleher,Ireland,Right,23/11/1998,0,0,0.0,333,72,125,26,0,0,0,0,0,0,0,0.0,0,0,0,0,0,0,0,0,0,0,0,0,0,0,10,0,0,0,0,0,12,4,27,1,0,0,1,100,26,€15.00m,Brentford FC,Goalkeeper,Ireland
Milos Kerkez,Hungary,Left,07/11/2003,0,0,2.58,1350,80,149,30,3342,152,52,45,11,0,4,0.59,71,28,5,6,132,27,39,56,30,2,1,3,5,7,38,0,0,0,0,0,0,0,0,0,0,0,0,0,21,€40.00m,Liverpool FC,Left-Back,Hungary
Abdukodir Khusanov,Uzbekistan,Right,29/02/2004,0,0,0.09,391,91,22,23,504,14,5,3,4,0,1,0.02,1,7,0,0,0,0,0,0,3,0,0,0,0,0,6,0,0,0,1,0,0,0,0,0,0,0,0,0,21,€28.00m,Manchester City,Centre-Back,Uzbekistan
Jakub Kiwior,Poland,Left,15/02/2000,17,7,0.31,729,92,42,55,1117,40,22,6,8,0,1,0.17,6,11,0,0,0,0,5,60,10,1,0,1,0,0,0,0,0,0,0,0,0,0,0,0,0,0,0,0,25,€25.00m,Arsenal FC,Centre-Back,Poland
Justin Kluivert,Netherlands,Right,05/05/1999,34,5,3.73,680,81,38,61,2356,100,23,14,0,0,8,10.11,154,8,6,20,53,23,76,47,47,12,2,5,8,35,0,0,0,0,0,0,0,0,0,0,6,6,0,0,26,€28.00m,AFC Bournemouth,Attacking Midfield,Netherlands
Ibrahima Konaté,France,Right,25/05/1999,31,1,0.93,1897,90,122,37,2565,137,40,17,15,0,5,1.77,23,75,2,7,0,0,5,60,27,1,0,0,0,0,0,0,0,0,0,0,0,0,0,0,0,0,0,0,26,€55.00m,Liverpool FC,Centre-Back,France
Ezri Konsa,England,Right,23/10/1997,34,1,0.63,1633,93,72,46,2937,120,34,24,11,0,1,1.28,22,31,0,4,0,0,15,53,9,2,1,1,0,0,0,0,0,0,0,0,0,0,0,0,0,0,0,0,27,€30.00m,Aston Villa,Centre-Back,England
Mateo Kovacic,Croatia,Right,06/05/1994,31,6,3.23,1878,93,79,54,2202,127,69,24,0,1,5,1.88,19,10,2,4,0,0,33,67,24,6,0,0,21,0,0,0,0,0,0,0,0,0,0,0,0,0,0,0,31,€15.00m,Manchester City,Central Midfield,Croatia
Mohammed Kudus,Ghana,Left,02/08/2000,32,1,2.7,769,90,48,75,2601,205,38,4,1,1,2,6.9,141,11,3,31,81,26,190,48,39,5,6,18,15,1,0,0,0,0,0,0,0,0,0,0,0,0,0,0,24,€40.00m,West Ham United,Right Winger,Ghana
Dejan Kulusevski,Sweden,Left,25/04/2000,32,5,3.93,789,81,26,54,2391,131,45,13,5,0,3,4.23,180,10,4,24,63,11,109,35,48,7,0,5,6,62,0,0,0,0,0,0,0,0,0,0,0,0,0,0,25,€50.00m,Tottenham Hotspur,Attacking Midfield,Sweden
Maxence Lacroix,France,Right,06/04/2000,0,0,1.05,1468,82,238,45,3118,155,68,54,22,0,5,3.46,46,61,1,7,7,29,12,67,34,1,1,1,3,0,35,0,0,0,0,0,0,0,0,0,0,0,0,0,25,€22.00m,Crystal Palace,Centre-Back,France
Tariq Lamptey,Ghana,Right,30/09/2000,15,5,0.79,324,87,25,28,860,38,17,7,7,0,0,0.39,12,1,2,0,27,22,28,36,15,2,0,0,0,1,0,0,0,0,0,0,0,0,0,0,0,0,0,0,24,€7.00m,Brighton & Hove Albion,Right-Back,Ghana
Jamaal Lascelles,England,Right,11/11/1993,0,0,0.0,0,0,0,0,0,0,0,0,0,0,0,0.0,0,0,0,0,0,0,0,0,0,0,0,0,0,0,0,0,0,0,0,0,0,0,0,0,0,0,0,0,31,€600k,Newcastle United,Centre-Back,England
Roméo Lavia,Belgium,Right,06/01/2004,16,5,0.36,422,92,14,71,801,51,22,16,0,0,4,0.26,1,12,1,0,0,0,16,63,16,0,0,0,0,0,0,0,0,0,0,0,0,0,0,0,0,0,0,0,21,€35.00m,Chelsea FC,Defensive Midfield,Belgium
Bernd Leno,Germany,Right,04/03/1992,0,0,0.0,1236,80,411,41,0,0,0,0,0,0,5,0.0,0,0,1,0,0,0,0,0,0,0,0,0,0,0,38,0,0,0,0,0,54,5,110,4,0,0,1,25,33,€5.00m,Fulham FC,Goalkeeper,Germany
Jefferson Lerma,Colombia,Right,25/10/1994,33,7,1.74,1055,78,142,38,2276,122,35,42,18,0,9,1.09,29,45,1,10,12,42,11,64,35,0,0,0,5,0,0,0,0,0,0,0,0,0,0,0,0,0,0,0,30,€5.00m,Crystal Palace,Defensive Midfield,Colombia
Rico Lewis,England,Right,21/11/2004,28,7,1.02,1204,91,42,50,1891,79,30,13,7,1,3,1.38,49,6,2,0,0,0,20,45,12,1,1,0,2,0,0,0,0,0,0,0,0,0,0,0,0,0,0,0,20,€35.00m,Manchester City,Right-Back,England
Keane Lewis-Potter,England,Right,22/02/2001,38,2,4.93,1048,81,142,46,3101,148,49,21,10,0,7,3.06,77,27,3,8,76,33,91,45,18,1,1,4,10,5,0,1,1,0,0,0,0,0,0,0,0,0,0,0,24,€20.00m,Brentford FC,Left-Back,England
Myles Lewis-Skelly,England,Left,26/09/2006,23,8,0.48,667,94,15,47,1370,92,22,7,1,2,3,0.16,18,11,0,0,10,40,21,57,11,1,0,0,0,0,0,0,0,0,0,0,0,0,0,0,0,0,0,0,18,€40.00m,Arsenal FC,Left-Back,England
Luis Guilherme,Brazil,Left,09/02/2006,12,11,0.14,58,93,2,50,139,14,1,3,0,0,0,0.42,5,2,0,2,6,33,11,64,0,0,1,0,0,2,0,0,0,0,0,0,0,0,0,0,0,0,0,0,19,€10.00m,West Ham United,Right Winger,Brazil
Tino Livramento,England,Right,12/11/2002,37,5,2.68,1353,87,61,39,2842,141,54,23,11,0,1,0.33,45,27,1,3,52,21,48,52,6,0,0,2,0,1,0,0,0,0,0,0,0,0,0,0,0,0,0,0,22,€35.00m,Newcastle United,Right-Back,England
Pedro Neto,Portugal,Left,09/03/2000,35,11,4.77,731,89,37,62,2268,101,23,9,2,0,8,3.5,127,12,6,25,108,31,80,43,21,4,1,3,14,56,0,0,0,0,0,0,0,0,0,0,0,0,0,0,25,€45.00m,Chelsea FC,Right Winger,Portugal
Sean Longstaff,England,Right,30/10/1997,25,17,0.23,343,86,15,73,786,42,27,7,5,0,2,0.6,23,9,0,4,0,0,6,33,9,0,1,0,0,1,0,0,0,0,0,0,0,0,0,0,0,0,0,0,27,€16.00m,Newcastle United,Central Midfield,England
Ian Maatsen,Netherlands,Left,10/03/2002,29,19,2.43,616,87,22,41,1128,61,29,15,0,0,2,0.86,51,10,2,8,47,17,29,45,11,1,0,3,2,5,0,0,0,0,0,0,0,0,0,0,0,0,0,0,23,€25.00m,Aston Villa,Left-Back,Netherlands
Alexis Mac Allister,Argentina,Right,24/12/1998,35,5,5.64,1424,87,87,56,2607,170,95,22,6,0,6,2.83,63,19,5,15,20,10,37,43,62,5,2,2,7,71,0,1,1,0,0,0,0,0,0,0,0,0,0,0,26,€90.00m,Liverpool FC,Central Midfield,Argentina
James Maddison,England,Right,23/11/1996,31,10,5.91,1147,87,79,52,1816,133,31,12,4,0,6,5.83,85,5,7,11,36,25,67,49,32,9,1,4,8,59,0,6,6,0,0,0,0,0,0,0,0,0,0,0,28,€40.00m,Tottenham Hotspur,Attacking Midfield,England
Noni Madueke,England,Left,10/03/2002,32,5,3.15,599,84,20,65,2046,106,25,10,0,0,3,9.64,199,11,3,39,63,17,91,49,22,7,4,5,9,1,0,0,0,0,0,0,0,0,0,0,0,0,0,0,23,€35.00m,Chelsea FC,Right Winger,England
Harry Maguire,England,Right,05/03/1993,27,8,0.26,1119,86,116,50,1757,107,30,40,12,0,7,1.82,46,64,0,8,0,0,5,40,18,1,1,2,0,0,0,0,0,0,0,0,0,0,0,0,0,0,0,0,32,€8.00m,Manchester United,Centre-Back,England
Kobbie Mainoo,England,Right,19/04/2005,25,6,1.79,818,87,34,65,1656,109,46,19,2,0,5,0.77,44,19,0,4,7,29,48,48,27,0,1,3,6,0,0,0,0,0,0,0,0,0,0,0,0,0,0,0,20,€50.00m,Manchester United,Central Midfield,England
Tyrell Malacia,Netherlands,Left,17/08/1999,3,1,0.02,48,90,4,50,99,5,2,1,0,0,1,0.0,0,0,0,0,0,0,0,0,3,0,0,0,0,0,0,0,0,0,0,0,0,0,0,0,0,0,0,0,25,€3.50m,Manchester United,Left-Back,Netherlands
Donyell Malen,Netherlands,Right,19/01/1999,14,12,0.17,67,78,4,50,298,20,7,0,0,0,0,2.17,26,4,0,4,0,0,9,44,1,3,1,2,4,0,0,0,0,0,0,0,0,0,0,0,0,0,0,0,26,€20.00m,Aston Villa,Right Winger,Netherlands
José Sá,Portugal,Right,17/01/1993,0,0,0.0,800,59,436,27,0,0,0,0,0,0,2,0.0,0,0,0,0,0,0,0,0,4,0,0,0,0,0,29,0,0,0,0,0,48,7,71,7,0,0,2,29,32,€2.50m,Wolverhampton Wanderers,Goalkeeper,Portugal
Solly March,England,Left,20/07/1994,8,7,0.31,69,71,9,33,162,10,6,2,0,0,2,0.09,7,1,0,0,14,29,4,25,2,0,0,3,0,6,0,0,0,0,0,0,0,0,0,0,0,0,0,0,30,€1.50m,Brighton & Hove Albion,Right Winger,England
Omar Marmoush,Egypt,Right,07/02/1999,16,2,2.12,286,84,0,0,1182,58,13,6,1,0,0,5.49,71,5,0,13,13,31,41,49,15,7,1,10,12,14,0,7,7,0,0,0,0,0,0,0,0,0,0,0,26,€70.00m,Manchester City,Centre-Forward,Egypt
Gabriel Martinelli,Brazil,Right,18/06/2001,33,8,4.66,590,79,15,67,2300,94,23,5,0,0,1,7.41,195,17,4,28,89,24,93,35,16,8,0,8,4,3,0,0,0,0,0,0,0,0,0,0,0,0,0,0,24,€50.00m,Arsenal FC,Left Winger,Brazil
Rodrigo Gomes,Portugal,Right,07/07/2003,0,0,0.0,0,0,0,0,0,0,0,0,0,0,0,0.0,0,0,0,0,0,0,0,0,0,0,0,0,0,0,0,0,0,0,0,0,0,0,0,0,0,0,0,0,21,€10.00m,Wolverhampton Wanderers,Right Midfield,Portugal
Lisandro Martínez,Argentina,Left,18/01/1998,0,0,1.28,1314,90,102,43,1754,69,40,32,8,0,7,1.3,18,16,1,7,9,33,7,86,22,2,0,0,3,0,20,0,0,0,0,0,0,0,0,0,0,0,0,0,27,€35.00m,Manchester United,Centre-Back,Argentina
Emiliano Martínez,Argentina,Right,02/09/1992,0,0,0.0,1248,77,476,42,0,0,0,0,0,1,5,0.0,0,0,0,0,0,0,0,0,2,0,0,0,0,0,37,0,0,0,0,0,45,8,100,2,0,0,1,50,32,€15.00m,Aston Villa,Goalkeeper,Argentina
Jean-Philippe Mateta,France,Right,28/06/1997,37,4,2.27,420,68,13,38,2654,129,18,2,4,0,2,13.53,102,64,2,24,26,19,42,48,27,14,2,21,12,0,0,0,0,0,0,0,0,0,0,0,2,2,0,0,28,€25.00m,Crystal Palace,Centre-Forward,France
Konstantinos Mavropanos,Greece,Right,11/12/1997,33,12,0.42,1244,87,145,45,2037,117,35,40,18,1,4,1.54,24,59,0,5,2,50,14,64,17,0,0,3,3,0,0,0,0,0,0,0,0,0,0,0,0,0,0,0,27,€10.00m,West Ham United,Centre-Back,Greece
Bryan Mbeumo,Cameroon,Left,07/08/1999,0,0,9.26,1092,74,58,52,3415,179,49,14,3,0,3,12.26,177,35,7,31,100,23,99,53,25,20,1,11,11,87,38,6,6,0,0,0,0,0,0,0,6,5,0,0,25,€50.00m,Brentford FC,Right Winger,Cameroon
James McAtee,England,Left,18/10/2002,15,12,0.81,117,84,0,0,342,12,5,2,0,0,1,2.8,22,2,0,0,6,33,7,29,6,3,0,0,0,1,0,0,0,0,0,0,0,0,0,0,0,0,0,0,22,€15.00m,Manchester City,Attacking Midfield,England
John McGinn,Scotland,Left,18/10/1994,34,7,2.71,789,87,55,58,2230,139,33,14,2,0,7,3.13,63,17,4,8,38,26,33,61,43,1,0,3,0,22,0,1,1,0,0,0,0,0,0,0,0,0,0,0,30,€10.00m,Aston Villa,Central Midfield,Scotland
Chris Mepham,Wales,Right,05/11/1997,0,0,0.0,0,0,0,0,0,0,0,0,0,0,0,0.0,0,0,0,0,0,0,0,0,0,0,0,0,0,0,0,0,0,0,0,0,0,0,0,0,0,0,0,0,27,€1.20m,AFC Bournemouth,Centre-Back,Wales
Mikel Merino,Spain,Left,22/06/1996,28,11,1.18,558,80,16,56,1581,137,46,15,5,1,2,5.91,83,60,2,13,13,31,19,47,41,7,2,7,0,0,0,0,0,0,0,0,0,0,0,0,0,0,0,0,29,€30.00m,Arsenal FC,Central Midfield,Spain
Lewis Miley,England,Right,01/05/2006,14,13,0.3,190,88,8,50,304,22,14,2,1,0,0,0.55,6,6,0,2,0,0,2,50,3,1,0,0,0,0,0,0,0,0,0,0,0,0,0,0,0,0,0,0,19,€18.00m,Newcastle United,Central Midfield,England
Tyrone Mings,England,Left,13/03/1993,14,2,0.25,675,88,61,44,1121,47,7,7,11,0,1,0.82,18,28,0,3,0,0,3,67,4,0,0,0,0,0,0,0,0,0,0,0,0,0,0,0,0,0,0,0,32,€800k,Aston Villa,Centre-Back,England
Yankuba Minteh,Gambia,Left,22/07/2004,32,12,5.02,444,69,25,56,1841,122,48,11,0,0,6,4.11,165,18,4,16,69,20,90,51,21,6,1,6,0,16,0,0,0,0,0,0,0,0,0,0,0,0,0,0,20,€25.00m,Brighton & Hove Albion,Right Winger,The Gambia
Tyrick Mitchell,England,Left,01/09/1999,0,0,3.71,1025,74,144,35,3102,152,91,19,12,0,2,1.31,44,20,5,6,105,18,33,48,23,0,0,2,0,0,37,0,0,0,0,0,0,0,0,0,0,0,0,0,25,€20.00m,Crystal Palace,Left-Back,England
Kaoru Mitoma,Japan,Right,20/05/1997,36,8,4.04,890,81,33,48,2608,147,45,14,3,0,1,9.16,169,27,4,24,75,15,126,41,40,10,1,5,5,0,0,0,0,0,0,0,0,0,0,0,0,0,0,0,28,€35.00m,Brighton & Hove Albion,Left Winger,Japan
Andrew Moran,Ireland,Right,15/10/2003,0,0,0.0,0,0,0,0,0,0,0,0,0,0,0,0.0,0,0,0,0,0,0,0,0,0,0,0,0,0,0,0,0,0,0,0,0,0,0,0,0,0,0,0,0,21,€200k,Brighton & Hove Albion,Attacking Midfield,Ireland
Savinho,Brazil,Left,10/04/2004,29,8,6.1,763,87,29,69,1770,104,23,6,2,0,3,5.01,157,1,8,23,70,23,92,57,17,1,1,3,15,18,0,1,1,0,0,0,0,0,0,0,0,0,0,0,21,€45.00m,Manchester City,Right Winger,Brazil
Álex Moreno,Spain,Left,08/06/1993,15,4,0.0,320,78,22,27,959,42,25,15,5,0,2,0.0,8,3,1,0,18,22,16,50,12,0,0,0,0,0,0,0,0,0,0,0,0,0,0,0,0,0,0,0,32,€2.20m,Aston Villa,Left-Back,Spain
Tyler Morton,England,Right,31/10/2002,0,0,0.0,0,0,0,0,0,0,0,0,0,0,0,0.0,0,0,0,0,0,0,0,0,0,0,0,0,0,0,0,0,0,0,0,0,0,0,0,0,0,0,0,0,22,€2.50m,Liverpool FC,Defensive Midfield,England
Yerson Mosquera,Colombia,Right,02/05/2001,0,0,0.03,237,86,29,41,442,29,11,10,10,0,2,0.35,9,11,0,0,2,50,0,0,6,0,1,1,0,0,5,0,0,0,0,0,0,0,0,0,0,0,0,0,24,€4.00m,Wolverhampton Wanderers,Centre-Back,Colombia
Bernardo Silva,Portugal,Left,10/08/1994,33,4,4.54,1678,89,85,54,2667,121,56,23,7,0,7,3.9,148,5,4,17,51,20,54,52,27,4,0,3,0,16,0,0,0,0,0,0,0,0,0,0,0,0,0,0,30,€32.00m,Manchester City,Attacking Midfield,Portugal
Mason Mount,England,Right,10/01/1999,17,9,0.58,237,84,14,64,621,29,15,4,1,0,3,3.31,32,4,0,11,8,25,9,11,16,1,0,1,2,4,0,0,0,0,0,0,0,0,0,0,0,0,0,0,26,€24.00m,Manchester United,Attacking Midfield,England
Marshall Munetsi,Zimbabwe,Right,22/06/1996,14,2,1.13,201,74,0,0,1079,66,24,6,1,0,0,3.3,37,29,1,8,10,30,10,30,19,2,1,3,3,0,0,0,0,0,0,0,0,0,0,0,0,0,0,0,29,€10.00m,Wolverhampton Wanderers,Central Midfield,Zimbabwe
Rodrigo Muniz,Brazil,Right,04/05/2001,31,23,0.22,140,66,10,80,951,114,10,5,2,0,1,5.81,58,67,1,14,0,0,15,40,11,8,0,3,0,0,0,0,0,0,0,0,0,0,0,0,0,0,0,0,24,€15.00m,Fulham FC,Centre-Forward,Brazil
Jacob Murphy,England,Right,24/02/1995,35,4,6.15,844,75,58,41,2379,83,28,13,0,0,4,5.72,100,5,12,11,119,18,66,53,11,8,3,3,8,16,0,0,0,0,0,0,0,0,0,0,0,0,0,0,30,€10.00m,Newcastle United,Right Winger,England
Daniel Muñoz,Colombia,Right,26/05/1996,0,0,3.57,1137,75,76,37,3233,221,123,44,6,0,10,4.93,112,58,5,18,74,26,54,39,56,4,1,15,0,2,37,0,0,0,0,0,0,0,0,0,0,0,0,0,29,€20.00m,Crystal Palace,Right-Back,Colombia
Igor Thiago,Brazil,Right,26/06/2001,8,7,0.04,54,74,3,67,168,18,5,2,0,0,0,0.13,4,7,0,0,0,0,5,60,3,0,0,1,0,0,0,0,0,0,0,0,0,0,0,0,0,0,0,0,24,€12.00m,Brentford FC,Centre-Forward,Brazil
Andrey Santos,Brazil,Right,03/05/2004,0,0,0.0,0,0,0,0,0,0,0,0,0,0,0,0.0,0,0,0,0,0,0,0,0,0,0,0,0,0,0,0,0,0,0,0,0,0,0,0,0,0,0,0,0,21,€32.00m,Chelsea FC,Central Midfield,Brazil
Iliman Ndiaye,Senegal,Right,06/03/2000,0,0,0.0,0,0,0,0,0,0,0,0,0,0,0,0.0,0,0,0,0,0,0,0,0,0,0,0,0,0,0,0,0,0,0,0,0,0,0,0,0,0,0,0,0,25,€18.00m,Everton FC,Left Winger,Senegal
Kosta Nedeljkovic,Serbia,Right,16/12/2005,5,5,0.02,41,90,2,50,121,9,7,0,0,0,0,0.0,0,0,0,0,0,0,2,50,0,0,0,0,0,0,0,0,0,0,0,0,0,0,0,0,0,0,0,0,19,€6.00m,Aston Villa,Right-Back,Serbia
Reiss Nelson,England,Right,10/12/1999,12,7,0.97,243,91,6,33,488,32,9,5,0,0,1,1.1,36,0,1,8,19,32,26,50,7,1,0,1,0,5,0,0,0,0,0,0,0,0,0,0,0,0,0,0,25,€10.00m,Arsenal FC,Right Winger,England
Eddie Nketiah,England,Right,30/05/1999,29,20,0.87,235,76,14,64,1026,76,15,3,1,1,4,5.74,70,21,1,20,0,0,27,41,31,3,1,5,3,0,0,0,0,0,0,0,0,0,0,0,0,0,0,0,26,€12.00m,Crystal Palace,Centre-Forward,England
Christopher Nkunku,France,Right,14/11/1997,27,18,1.0,330,91,0,0,911,49,12,7,2,0,2,4.83,58,16,2,13,0,0,24,42,16,3,0,3,0,2,0,0,0,0,0,0,0,0,0,0,0,0,0,0,27,€30.00m,Chelsea FC,Attacking Midfield,France
Matheus Nunes,Portugal,Right,27/08/1998,26,7,3.32,1079,89,45,60,1673,88,35,15,4,0,4,1.22,65,15,6,4,40,23,33,58,30,1,0,6,0,7,0,0,0,0,0,0,0,0,0,0,0,0,0,0,26,€28.00m,Manchester City,Central Midfield,Portugal
Gustavo Nunes,Brazil,Right,20/11/2005,3,3,0.0,0,0,0,0,11,3,3,0,0,0,0,0.0,1,0,0,0,0,0,0,0,0,0,0,0,0,0,0,0,0,1,0,0,0,0,0,0,0,0,0,0,19,€5.00m,Brentford FC,Left Winger,Brazil
Ethan Nwaneri,England,Left,21/03/2007,26,15,1.79,364,89,12,75,889,57,11,2,2,0,1,1.18,50,4,2,10,35,23,56,66,9,4,3,6,7,27,0,1,1,0,0,0,0,0,0,0,0,0,0,0,18,€50.00m,Arsenal FC,Right Winger,England
Christian Nørgaard,Denmark,Right,10/03/1994,0,0,1.37,1394,83,123,53,2829,163,79,49,20,1,8,4.36,58,52,4,13,17,29,12,58,44,5,1,1,10,0,34,0,0,0,0,0,0,0,0,0,0,0,0,0,31,€6.00m,Brentford FC,Defensive Midfield,Denmark
Darwin Núñez,Uruguay,Right,24/06/1999,30,22,0.52,224,71,14,71,1118,63,21,4,0,0,8,5.71,81,20,2,11,3,33,22,36,27,5,0,12,3,0,0,0,0,0,0,0,0,0,0,0,0,0,0,0,26,€40.00m,Liverpool FC,Centre-Forward,Uruguay
Lewis O'Brien,England,Left,14/10/1998,0,0,0.0,0,0,0,0,0,0,0,0,0,0,0,0.0,0,0,0,0,0,0,0,0,0,0,0,0,0,0,0,0,0,0,0,0,0,0,0,0,0,0,0,0,26,€400k,Nottingham Forest,Central Midfield,England
Jake O'Brien,Ireland,Right,15/05/2001,20,3,0.32,605,81,72,47,1569,76,26,4,4,0,5,0.78,23,42,0,0,18,33,9,44,13,2,0,3,0,0,0,0,0,0,0,0,0,0,0,0,0,0,0,0,24,€13.00m,Everton FC,Right-Back,Ireland
Nico O'Reilly,England,Left,21/03/2005,9,3,0.68,308,88,7,29,527,28,9,4,1,0,0,1.29,20,6,0,2,8,13,15,60,6,2,0,1,0,0,0,0,0,0,0,0,0,0,0,0,0,0,0,0,20,€14.00m,Manchester City,Attacking Midfield,England
Matt O'Riley,Denmark,Left,21/11/2000,21,10,1.97,360,83,24,50,937,42,16,13,3,0,1,2.82,49,6,2,7,14,21,12,67,16,2,1,2,5,36,0,2,2,0,1,0,0,0,0,0,1,1,0,0,24,€18.00m,Brighton & Hove Albion,Central Midfield,Denmark
Chido Obi,Denmark,Right,29/11/2007,7,6,0.03,24,83,0,0,160,6,2,0,0,0,1,0.66,10,2,0,4,0,0,3,33,3,0,0,0,0,0,0,0,0,0,0,0,0,0,0,0,0,0,0,0,17,€800k,Manchester United,Centre-Forward,Denmark
Wilson Odobert,France,Right,28/11/2004,16,7,0.76,243,85,6,67,849,33,14,4,0,0,0,1.61,38,4,0,4,25,16,29,41,2,1,0,1,4,1,0,0,0,0,0,0,0,0,0,0,0,0,0,0,20,€16.00m,Tottenham Hotspur,Right Winger,France
Amadou Onana,Belgium,Right,16/08/2001,26,6,0.84,799,88,32,56,1624,131,55,26,7,0,4,2.12,23,33,0,4,0,0,17,82,32,3,2,0,3,0,0,0,0,0,0,0,0,0,0,0,0,0,0,0,23,€42.00m,Aston Villa,Defensive Midfield,Belgium
Frank Onyeka,Nigeria,Right,01/01/1998,2,2,0.02,7,86,0,0,23,0,0,0,0,0,0,0.0,0,0,0,0,0,0,0,0,2,0,0,0,0,0,0,0,0,0,0,0,0,0,0,0,0,0,0,0,27,€2.50m,Brentford FC,Central Midfield,Nigeria
Stefan Ortega,Germany,Right,06/11/1992,13,1,0.0,403,79,132,44,0,0,0,0,0,0,1,0.0,0,0,0,0,0,0,0,0,1,0,0,0,0,0,0,0,0,0,0,0,18,3,33,2,0,0,0,0,32,€4.00m,Manchester City,Goalkeeper,Germany
Ibrahim Osman,Ghana,Right,29/11/2004,0,0,0.0,0,0,0,0,0,0,0,0,0,0,0,0.0,0,0,0,0,0,0,0,0,0,0,0,0,0,0,0,0,0,0,0,0,0,0,0,0,0,0,0,0,20,€5.00m,Brighton & Hove Albion,Left Winger,Ghana
William Osula,Denmark,Right,04/08/2003,14,14,0.06,25,72,0,0,124,12,2,4,0,0,0,0.16,8,6,0,0,0,0,6,50,4,1,0,1,0,0,0,0,0,0,0,0,0,0,0,0,0,0,0,0,21,€2.50m,Newcastle United,Centre-Forward,Denmark
Dango Ouattara,Burkina Faso,Left,11/02/2002,32,11,3.29,495,66,37,24,2006,138,35,11,10,0,3,8.36,140,46,4,17,87,20,73,53,16,7,3,14,10,3,0,1,1,0,0,0,0,0,0,0,0,0,0,0,23,€25.00m,AFC Bournemouth,Left Winger,Burkina Faso
Renato Veiga,Portugal,Left,29/07/2003,7,6,0.16,132,84,14,36,177,16,9,1,1,0,2,0.15,4,3,0,0,0,0,5,60,6,0,0,1,0,0,0,0,0,0,0,0,0,0,0,0,0,0,0,0,21,€22.00m,Chelsea FC,Centre-Back,Portugal
Cole Palmer,England,Left,06/05/2002,37,1,9.14,1310,83,137,68,3195,147,34,11,1,0,7,17.28,156,2,8,37,77,26,97,53,15,15,6,7,39,75,0,12,12,0,0,0,0,0,0,0,5,4,0,0,23,€120.00m,Chelsea FC,Attacking Midfield,England
Emerson,Italy,Left,03/08/1994,31,5,2.18,868,82,75,36,2126,101,60,21,8,0,5,1.95,28,18,1,4,33,18,27,37,25,2,1,0,5,25,0,3,3,0,0,0,0,0,0,0,0,0,0,0,30,€6.00m,West Ham United,Left-Back,Italy
Nathan Patterson,Scotland,Right,16/10/2001,10,7,0.38,120,79,20,40,345,22,11,2,0,0,1,0.07,5,1,1,0,14,36,11,82,6,0,0,0,0,0,0,0,0,0,0,0,0,0,0,0,0,0,0,0,23,€10.00m,Everton FC,Right-Back,Scotland
Mike Penders,Belgium,Left,31/07/2005,0,0,0.0,0,0,0,0,0,0,0,0,0,0,0,0.0,0,0,0,0,0,0,0,0,0,0,0,0,0,0,0,0,0,0,0,0,0,0,0,0,0,0,0,0,19,€8.00m,Chelsea FC,Goalkeeper,Belgium
Djordje Petrovic,Serbia,Right,08/10/1999,0,0,0.0,0,0,0,0,0,0,0,0,0,0,0,0.0,0,0,0,0,0,0,0,0,0,0,0,0,0,0,0,0,0,0,0,0,0,0,0,0,0,0,0,0,25,€18.00m,Chelsea FC,Goalkeeper,Serbia
Jordan Pickford,England,Left,07/03/1994,0,0,0.0,1425,63,886,41,0,0,0,0,0,0,7,0.0,0,0,1,0,0,0,0,0,0,0,0,0,0,0,38,0,0,0,0,0,44,12,122,2,0,0,2,100,31,€12.00m,Everton FC,Goalkeeper,England
Ethan Pinnock,Jamaica,Left,29/05/1993,22,1,0.65,1032,88,102,45,1913,105,35,24,18,0,2,1.09,24,64,0,0,9,11,9,33,8,2,2,0,0,0,0,0,0,0,1,0,0,0,0,0,0,0,0,0,32,€2.50m,Brentford FC,Centre-Back,Jamaica
Nick Pope,England,Right,19/04/1992,0,0,0.0,590,65,279,28,0,0,0,0,0,0,2,0.0,0,0,0,0,0,0,0,0,2,0,0,0,0,0,28,0,0,0,0,0,35,8,88,2,0,0,1,50,33,€4.00m,Newcastle United,Goalkeeper,England
Pedro Porro,Spain,Right,13/09/1999,33,5,4.64,1440,76,203,41,2608,125,66,36,17,0,5,1.6,33,12,6,2,133,26,38,37,25,2,3,1,16,53,0,4,4,0,0,0,0,0,0,0,0,0,0,0,25,€35.00m,Tottenham Hotspur,Right-Back,Spain
Jesurun Rak-Sakyi,England,Left,05/10/2002,0,0,0.0,0,0,0,0,0,0,0,0,0,0,0,0.0,0,0,0,0,0,0,0,0,0,0,0,0,0,0,0,0,0,0,0,0,0,0,0,0,0,0,0,0,22,€1.50m,Crystal Palace,Right Winger,England
Jacob Ramsey,England,Right,28/05/2001,29,10,2.19,569,87,11,55,1628,90,30,8,4,1,2,1.57,80,7,3,5,12,17,38,66,13,1,1,5,5,0,0,0,0,0,0,0,0,0,0,0,0,0,0,0,24,€28.00m,Aston Villa,Left Midfield,England
Marcus Rashford,England,Right,31/10/1997,25,9,2.1,446,78,24,50,1426,51,17,5,0,0,2,3.06,70,6,3,7,34,29,57,32,9,6,4,8,3,22,0,2,2,0,0,0,0,0,0,0,1,1,0,0,27,€50.00m,Manchester United,Left Winger,England
Harrison Reed,England,Right,27/01/1995,12,12,0.1,48,79,0,0,92,9,6,1,0,0,2,0.23,5,1,0,0,0,0,0,0,6,0,0,0,0,1,0,0,0,0,0,0,0,0,0,0,0,0,0,0,30,€1.50m,Fulham FC,Central Midfield,England
Chadi Riad,Morocco,Left,17/06/2003,0,0,0.02,82,85,10,50,90,7,5,2,0,0,0,0.0,0,2,0,0,0,0,0,0,1,0,0,0,0,0,1,0,0,0,0,0,0,0,0,0,0,0,0,0,22,€10.00m,Crystal Palace,Centre-Back,Morocco
Declan Rice,England,Right,14/01/1999,35,2,5.63,1476,90,97,62,2833,120,53,25,13,1,5,3.51,87,38,7,13,34,18,28,50,21,4,0,2,13,108,0,2,2,0,0,0,0,0,0,0,0,0,0,0,26,€110.00m,Arsenal FC,Central Midfield,England
Chris Richards,United States,Right,28/03/2000,24,2,0.61,833,81,100,29,1924,101,47,19,14,1,2,1.38,21,49,0,7,5,20,6,17,11,1,0,1,0,0,0,0,0,0,0,0,0,0,0,0,0,0,0,0,25,€9.00m,Crystal Palace,Centre-Back,United States
Antonee Robinson,United States,Left,08/08/1997,36,1,4.14,1628,81,141,48,3167,203,95,62,9,0,8,0.69,73,52,10,2,170,25,72,53,31,0,0,7,5,0,0,0,0,0,0,0,0,0,0,0,0,0,0,0,27,€30.00m,Fulham FC,Left-Back,United States
Joe Rodon,Wales,Right,22/10/1997,0,0,0.0,0,0,0,0,0,0,0,0,0,0,0,0.0,0,0,0,0,0,0,0,0,0,0,0,0,0,0,0,0,0,0,0,0,0,0,0,0,0,0,0,0,27,€5.00m,Leeds United,Centre-Back,Wales
Morato,Brazil,Left,30/06/2001,26,20,0.04,304,78,40,33,893,32,22,10,5,0,5,0.18,2,6,0,2,0,0,0,0,11,0,0,0,0,0,0,0,0,0,0,0,0,0,0,0,0,0,0,0,24,€9.00m,Nottingham Forest,Centre-Back,Brazil
Guido Rodríguez,Argentina,Right,12/04/1994,23,7,0.18,563,85,50,52,1155,62,36,13,9,0,6,0.23,5,11,1,0,5,20,4,75,18,0,0,2,3,0,0,0,0,0,0,0,0,0,0,0,0,0,0,0,31,€6.00m,West Ham United,Defensive Midfield,Argentina
Mads Roerslev,Denmark,Right,24/06/1999,19,8,2.11,442,82,38,42,1096,45,18,4,5,0,2,0.2,21,10,2,0,31,13,15,47,6,0,0,0,0,0,0,0,0,0,0,0,0,0,0,0,0,0,0,0,26,€2.00m,Brentford FC,Right-Back,Denmark
Morgan Rogers,England,Right,26/07/2002,0,0,5.24,864,75,38,76,3129,173,43,6,7,0,10,6.58,158,13,10,20,27,15,140,47,50,8,1,2,13,0,37,0,0,0,0,0,0,0,0,0,0,0,0,0,22,€50.00m,Aston Villa,Attacking Midfield,England
Cristian Romero,Argentina,Right,27/04/1998,0,0,0.82,1211,90,96,49,1420,89,35,21,3,0,3,1.59,23,42,0,9,3,33,3,33,14,1,1,2,0,0,18,0,0,0,0,0,0,0,0,0,0,0,0,0,27,€50.00m,Tottenham Hotspur,Centre-Back,Argentina
Carl Rushworth,England,Left,02/07/2001,0,0,0.0,0,0,0,0,0,0,0,0,0,0,0,0.0,0,0,0,0,0,0,0,0,0,0,0,0,0,0,0,0,0,0,0,0,0,0,0,0,0,0,0,0,24,€100k,Brighton & Hove Albion,Goalkeeper,England
Georginio Rutter,France,Left,20/04/2002,28,9,1.67,344,69,13,54,1666,136,39,10,3,0,2,4.64,83,25,3,17,9,11,61,44,34,5,1,7,10,0,0,0,0,0,0,0,0,0,0,0,0,0,0,0,23,€28.00m,Brighton & Hove Albion,Centre-Forward,France
Bukayo Saka,England,Left,05/09/2001,25,5,7.8,598,84,17,41,1735,119,29,3,0,0,3,6.85,181,10,10,33,56,23,78,53,15,6,0,7,10,64,0,1,1,0,0,0,0,0,0,0,1,1,0,0,23,€150.00m,Arsenal FC,Right Winger,England
Mohamed Salah,Egypt,Left,15/06/1992,0,0,9.06,1155,74,52,52,3377,127,21,9,0,0,1,25.37,394,9,18,52,78,22,130,45,25,29,6,18,6,0,38,1,1,0,0,0,0,0,0,0,9,9,0,0,33,€45.00m,Liverpool FC,Right Winger,Egypt
William Saliba,France,Right,24/03/2001,0,0,1.29,2547,95,110,64,3041,152,62,21,15,1,2,2.28,19,62,0,2,0,0,18,67,28,2,0,1,0,0,35,0,0,0,0,0,0,0,0,0,0,0,0,0,24,€75.00m,Arsenal FC,Centre-Back,France
Albert Sambi Lokonga,Belgium,Right,22/10/1999,0,0,0.0,0,0,0,0,0,0,0,0,0,0,0,0.0,0,0,0,0,0,0,0,0,0,0,0,0,0,0,0,0,0,0,0,0,0,0,0,0,0,0,0,0,25,€4.00m,Arsenal FC,Central Midfield,Belgium
Jadon Sancho,England,Right,25/03/2000,31,12,3.11,768,85,12,67,1764,75,13,2,0,0,2,2.17,130,6,4,13,0,0,85,53,6,3,0,6,0,1,0,0,0,0,0,0,0,0,0,0,0,0,0,0,25,€23.00m,Manchester United,Left Winger,England
Ibrahim Sangaré,Cote d’Ivoire,Right,02/12/1997,13,6,0.21,320,85,21,48,590,46,28,6,4,0,3,0.02,7,10,1,0,0,0,0,0,15,0,0,0,0,0,0,0,0,0,0,0,0,0,0,0,0,0,0,0,27,€20.00m,Nottingham Forest,Defensive Midfield,Cote d'Ivoire
Ederson,Brazil,Left,17/08/1993,0,0,0.0,815,86,240,58,0,0,0,0,0,0,4,0.0,0,0,4,0,0,0,0,0,1,0,0,0,0,0,26,0,0,0,0,0,26,10,54,2,0,0,0,0,31,€15.00m,Manchester City,Goalkeeper,Brazil
Matheus Cunha,Brazil,Right,27/05/1999,33,4,5.28,949,79,88,56,2600,183,38,17,1,0,4,8.63,139,13,6,31,59,17,122,50,42,15,2,8,28,74,0,12,12,0,0,0,0,0,0,0,0,0,0,0,26,€55.00m,Manchester United,Second Striker,Brazil
Jeremy Sarmiento,Ecuador,Right,16/06/2002,1,1,0.0,0,0,0,0,8,0,0,0,0,0,0,0.0,0,0,0,0,0,0,0,0,0,0,0,0,0,0,0,0,0,6,0,0,0,0,0,0,0,0,0,0,23,€2.00m,Brighton & Hove Albion,Left Winger,Ecuador
Ismaïla Sarr,Senegal,Right,25/02/1998,38,8,6.74,680,70,27,37,2714,132,22,9,8,0,4,10.72,140,37,6,27,55,24,52,33,14,8,2,11,0,0,0,0,0,0,0,0,0,0,0,0,0,0,0,0,27,€22.00m,Crystal Palace,Attacking Midfield,Senegal
Kevin Schade,Germany,Right,27/11/2001,38,12,1.76,448,64,11,64,2301,197,39,5,4,0,3,8.2,160,90,2,24,38,13,82,37,21,11,3,13,4,0,0,0,0,0,0,0,0,0,0,0,0,0,0,0,23,€25.00m,Brentford FC,Left Winger,Germany
Kjell Scherpen,Netherlands,Right,23/01/2000,0,0,0.0,0,0,0,0,0,0,0,0,0,0,0,0.0,0,0,0,0,0,0,0,0,0,0,0,0,0,0,0,0,0,0,0,0,0,0,0,0,0,0,0,0,25,€1.00m,Brighton & Hove Albion,Goalkeeper,Netherlands
Fabian Schär,Switzerland,Right,20/12/1991,34,1,1.03,1942,85,312,44,2937,115,36,45,26,1,9,3.8,47,59,0,9,13,8,11,73,35,4,2,4,10,0,0,5,5,0,0,0,0,0,0,0,0,0,0,0,33,€2.50m,Newcastle United,Centre-Back,Switzerland
Alex Scott,England,Right,21/08/2003,20,12,1.01,332,85,23,65,751,66,27,10,4,0,3,0.75,17,7,0,6,3,33,19,32,17,0,0,0,5,5,0,1,1,0,0,0,0,0,0,0,0,0,0,0,21,€15.00m,AFC Bournemouth,Central Midfield,England
Matz Sels,Belgium,Right,26/02/1992,0,0,0.0,902,49,720,36,0,0,0,0,0,0,4,0.0,0,0,0,0,0,0,0,0,1,0,0,0,0,0,38,0,0,0,0,0,46,13,120,3,0,0,0,0,33,€2.50m,Nottingham Forest,Goalkeeper,Belgium
Antoine Semenyo,Ghana,Right,07/01/2000,37,1,4.35,997,78,55,36,3209,227,55,11,9,0,9,9.98,211,67,5,51,58,14,126,55,73,11,5,15,23,3,0,0,0,0,0,0,0,0,0,0,0,0,0,0,25,€35.00m,AFC Bournemouth,Left Winger,Ghana
Marcos Senesi,Argentina,Left,10/05/1997,17,4,0.49,713,77,161,45,1108,85,39,14,7,0,5,0.84,16,33,0,0,11,27,10,60,22,0,0,0,0,0,0,0,0,0,0,0,0,0,0,0,0,0,0,0,28,€18.00m,AFC Bournemouth,Centre-Back,Argentina
Ryan Sessegnon,England,Left,18/05/2000,16,9,1.13,212,81,8,50,580,47,27,3,1,0,1,1.64,45,8,2,6,16,31,18,44,20,4,0,1,0,1,0,0,0,0,0,0,0,0,0,0,0,0,0,0,25,€10.00m,Fulham FC,Left-Back,England
Abdallah Sima,Senegal,Right,17/06/2001,0,0,0.0,0,0,0,0,0,0,0,0,0,0,0,0.0,0,0,0,0,0,0,0,0,0,0,0,0,0,0,0,0,0,0,0,0,0,0,0,0,0,0,0,0,24,€4.50m,Brighton & Hove Albion,Left Winger,Senegal
Luis Sinisterra,Colombia,Right,17/06/1999,12,11,1.31,85,84,0,0,230,20,7,1,0,0,0,1.21,26,3,1,7,7,29,18,44,4,1,1,1,0,0,0,0,0,0,0,0,0,0,0,0,0,0,0,0,26,€10.00m,AFC Bournemouth,Left Winger,Colombia
Emile Smith Rowe,England,Right,28/07/2000,34,9,2.04,1001,91,23,70,2061,67,31,11,2,0,3,4.54,62,6,3,12,16,31,32,50,19,6,1,4,6,1,0,0,0,0,0,0,0,0,0,0,0,0,0,0,24,€25.00m,Fulham FC,Attacking Midfield,England
Fábio Silva,Portugal,Right,19/07/2002,0,0,0.0,0,0,0,0,0,0,0,0,0,0,0,0.0,0,0,0,0,0,0,0,0,0,0,0,0,0,0,0,0,0,0,0,0,0,0,0,0,0,0,0,0,22,€18.00m,Wolverhampton Wanderers,Centre-Forward,Portugal
Dominic Solanke,England,Right,14/09/1997,27,2,1.15,353,71,15,73,2206,117,18,1,9,0,0,10.97,117,46,3,30,4,25,48,35,36,9,0,5,3,0,0,0,0,0,1,0,0,0,0,0,1,1,0,0,27,€35.00m,Tottenham Hotspur,Centre-Forward,England
Julio Soler,Argentina,Left,16/02/2005,3,3,0.0,13,85,0,0,9,2,1,0,0,0,0,0.0,0,0,0,0,0,0,0,0,0,0,0,0,0,0,0,0,0,0,0,0,0,0,0,0,0,0,0,0,20,€3.50m,AFC Bournemouth,Left-Back,Argentina
Manor Solomon,Israel,Both,24/07/1999,0,0,0.0,0,0,0,0,0,0,0,0,0,0,0,0.0,0,0,0,0,0,0,0,0,0,0,0,0,0,0,0,0,0,0,0,0,0,0,0,0,0,0,0,0,25,€8.00m,Tottenham Hotspur,Left Winger,Israel
Ramón Sosa,Paraguay,Right,31/08/1999,19,18,0.36,84,71,5,60,281,25,5,4,0,0,1,1.01,15,4,0,5,4,75,13,62,6,1,0,3,0,4,0,0,0,0,0,0,0,0,0,0,0,0,0,0,25,€8.00m,Nottingham Forest,Left Winger,Paraguay
Djed Spence,England,Right,09/08/2000,25,6,1.36,979,87,40,33,1790,129,47,21,9,1,2,0.56,25,21,2,0,25,36,69,55,21,1,0,2,4,0,0,0,0,0,1,0,0,0,0,0,0,0,0,0,24,€16.00m,Tottenham Hotspur,Left-Back,England
Raheem Sterling,England,Both,08/12/1994,17,10,0.0,182,85,2,50,496,28,9,1,0,0,1,0.0,47,1,2,0,16,19,20,50,12,0,0,4,0,1,0,0,0,0,0,0,0,0,0,0,0,0,0,0,30,€5.00m,Chelsea FC,Right Winger,England
John Stones,England,Right,28/05/1994,11,5,0.18,402,91,25,72,545,18,6,4,3,0,1,0.43,4,8,0,0,0,0,0,0,2,2,0,0,0,0,0,0,0,0,0,0,0,0,0,0,0,0,0,0,31,€22.00m,Manchester City,Centre-Back,England
Jørgen Strand Larsen,Norway,Right,06/02/2000,35,5,1.04,451,65,18,61,2599,104,10,6,4,0,4,10.27,116,67,4,25,6,17,19,42,46,14,3,16,0,0,0,0,0,0,0,0,0,0,0,0,0,0,0,0,25,€25.00m,Wolverhampton Wanderers,Centre-Forward,Norway
Crysencio Summerville,Netherlands,Right,30/10/2001,19,12,1.73,231,79,10,30,780,53,13,0,4,0,2,1.63,40,4,1,9,13,38,31,42,9,1,2,4,0,8,0,0,0,0,0,0,0,0,0,0,0,0,0,0,23,€18.00m,West Ham United,Left Winger,Netherlands
Dominik Szoboszlai,Hungary,Right,25/10/2000,36,7,5.88,1243,86,83,65,2496,102,38,9,5,0,6,7.34,108,19,6,22,24,25,38,55,44,6,1,4,20,17,0,4,4,0,0,0,0,0,0,0,0,0,0,0,24,€80.00m,Liverpool FC,Attacking Midfield,Hungary
Robert Sánchez,Spain,Left,18/11/1997,0,0,0.0,1052,65,487,28,0,0,0,0,0,0,5,0.0,0,0,0,0,0,0,0,0,2,0,0,0,0,0,32,0,0,0,0,0,34,10,95,5,0,0,1,20,27,€15.00m,Chelsea FC,Goalkeeper,Spain
Matt Targett,England,Left,18/09/1995,2,2,0.08,14,93,0,0,20,0,0,1,0,0,0,0.0,0,0,0,0,0,0,0,0,0,0,0,0,0,0,0,0,0,0,0,0,0,0,0,0,0,0,0,0,29,€1.00m,Newcastle United,Left-Back,England
James Tarkowski,England,Right,19/11/1992,0,0,2.35,1277,82,235,54,2924,199,64,41,42,0,6,1.31,58,103,1,7,0,0,7,71,35,1,2,2,0,0,33,0,0,0,0,0,0,0,0,0,0,0,0,0,32,€4.50m,Everton FC,Centre-Back,England
Marcus Tavernier,England,Left,22/03/1999,29,9,3.65,792,80,48,63,1938,125,43,5,3,0,6,5.48,63,26,5,12,52,31,59,47,34,3,4,4,19,49,0,4,4,0,0,0,0,0,0,0,0,0,0,0,26,€12.00m,AFC Bournemouth,Left Winger,England
Mathys Tel,France,Right,27/04/2005,13,2,1.51,223,77,15,67,913,51,16,2,1,0,2,2.98,40,4,1,14,24,21,46,33,14,2,0,1,0,8,0,1,1,0,0,0,0,0,0,0,1,1,0,0,20,€30.00m,Tottenham Hotspur,Centre-Forward,France
Kenny Tete,Netherlands,Right,09/10/1995,22,1,0.67,767,83,67,46,1779,105,56,32,12,0,5,1.36,37,26,2,0,38,26,15,60,35,0,0,1,5,0,0,0,0,0,0,0,0,0,0,0,0,0,0,0,29,€8.00m,Fulham FC,Right-Back,Netherlands
Youri Tielemans,Belgium,Right,07/05/1997,36,1,5.65,1933,86,130,62,3032,193,84,23,16,0,4,3.32,47,24,7,13,28,14,50,62,41,3,1,0,11,85,0,0,0,0,0,1,0,0,0,0,0,0,0,0,28,€32.00m,Aston Villa,Central Midfield,Belgium
Lucas Paquetá,Brazil,Left,27/08/1997,33,6,3.29,1407,79,132,64,2384,197,66,18,4,0,10,5.32,59,48,0,10,23,22,42,50,53,4,0,6,6,4,0,4,4,0,0,0,0,0,0,0,2,2,0,0,27,€23.00m,West Ham United,Attacking Midfield,Brazil
Sandro Tonali,Italy,Right,08/05/2000,36,8,2.76,1463,86,95,54,2631,132,51,34,11,0,5,4.4,46,12,2,9,30,20,34,59,37,4,3,2,12,19,0,3,3,0,0,0,0,0,0,0,0,0,0,0,25,€55.00m,Newcastle United,Central Midfield,Italy
Pau Torres,Spain,Left,16/01/1997,24,1,0.44,1359,89,128,41,2020,61,21,10,11,0,2,0.52,17,19,0,4,4,25,17,88,8,0,1,0,2,0,0,0,0,0,0,0,0,0,0,0,0,0,0,0,28,€28.00m,Aston Villa,Centre-Back,Spain
Adama Traoré,Spain,Right,25/01/1996,36,18,4.53,484,81,17,53,1769,125,20,1,0,0,3,4.0,92,25,7,20,100,30,84,57,24,2,0,1,5,0,0,0,0,0,0,0,0,0,0,0,0,0,0,0,29,€4.50m,Fulham FC,Right Winger,Spain
Boubacar Traoré,Mali,Right,20/08/2001,1,1,0.0,0,0,0,0,1,2,2,0,0,0,0,0.0,0,0,0,0,0,0,0,0,0,0,0,0,0,0,0,0,0,0,0,0,0,0,0,0,0,0,0,0,23,€900k,Wolverhampton Wanderers,Defensive Midfield,Mali
Mark Travers,Ireland,Right,18/05/1999,0,0,0.0,113,63,75,45,0,0,0,0,0,0,0,0.0,0,0,0,0,0,0,0,0,0,0,0,0,0,0,5,0,0,0,0,0,5,1,20,0,0,0,0,0,26,€400k,AFC Bournemouth,Goalkeeper,Ireland
André,Brazil,Right,16/07/2001,33,2,0.66,1338,93,73,74,2484,143,91,37,8,0,7,0.42,3,2,0,0,0,0,28,57,36,0,0,0,2,0,0,0,0,0,0,0,0,0,0,0,0,0,0,0,23,€25.00m,Wolverhampton Wanderers,Defensive Midfield,Brazil
Kieran Trippier,England,Right,19/09/1990,25,11,1.45,1038,85,77,44,1308,75,38,12,3,0,1,0.12,13,22,3,0,25,12,8,50,16,0,0,2,0,62,0,2,2,0,0,0,0,0,0,0,0,0,0,0,34,€600k,Newcastle United,Right-Back,England
Leandro Trossard,Belgium,Right,04/12/1994,38,10,4.11,853,81,52,54,2550,121,31,9,0,1,2,7.21,165,6,7,28,75,20,75,51,27,8,1,6,14,10,0,0,0,0,0,0,0,0,0,0,0,0,0,0,30,€20.00m,Arsenal FC,Left Winger,Belgium
Axel Tuanzebe,DR Congo,Right,14/11/1997,22,2,0.28,671,86,36,42,1717,69,31,23,10,1,3,0.2,8,23,1,0,10,20,10,40,17,0,0,0,0,0,0,0,0,0,1,0,0,0,0,0,0,0,0,0,27,€1.00m,Burnley FC,Right-Back,DR Congo
Destiny Udogie,Italy,Left,28/11/2002,25,1,1.2,953,88,21,57,1931,139,75,22,6,0,2,0.3,52,13,1,4,19,21,29,45,29,0,0,3,0,0,0,0,0,0,1,0,0,0,0,0,0,0,0,0,22,€38.00m,Tottenham Hotspur,Left-Back,Italy
Manuel Ugarte,Uruguay,Right,11/04/2001,29,7,0.69,897,89,59,66,1789,146,77,27,4,0,11,1.01,16,18,2,5,7,43,28,64,41,1,0,0,5,0,0,0,0,0,1,0,0,0,0,0,0,0,0,0,24,€40.00m,Manchester United,Defensive Midfield,Uruguay
Lesley Ugochukwu,France,Right,26/03/2004,26,8,0.0,700,86,30,50,1664,105,50,14,10,0,7,0.0,24,21,1,0,6,17,27,70,31,1,0,0,0,0,0,0,0,0,0,0,0,0,0,0,0,0,0,0,21,€14.00m,Chelsea FC,Defensive Midfield,France
Joël Veltman,Netherlands,Right,15/01/1992,21,2,1.33,774,82,66,48,1699,112,43,19,7,0,5,0.47,10,22,0,2,24,33,9,44,27,0,1,0,0,0,0,0,0,0,0,0,0,0,0,0,0,0,0,0,33,€500k,Brighton & Hove Albion,Right-Back,Netherlands
Bart Verbruggen,Netherlands,Right,18/08/2002,0,0,0.0,1187,75,472,40,0,0,0,0,0,0,6,0.0,0,0,1,0,0,0,0,0,0,0,0,0,0,0,36,0,0,0,0,0,58,7,91,9,0,0,0,0,22,€25.00m,Brighton & Hove Albion,Goalkeeper,Netherlands
Guglielmo Vicario,Italy,Right,07/10/1996,0,0,0.0,754,86,142,39,0,0,0,0,0,0,1,0.0,0,0,0,0,0,0,0,0,0,0,0,0,0,0,24,0,0,0,0,0,37,4,68,1,0,0,0,0,28,€25.00m,Tottenham Hotspur,Goalkeeper,Italy
Odysseas Vlachodimos,Greece,Right,26/04/1994,0,0,0.0,0,0,0,0,0,0,0,0,0,0,0,0.0,0,0,0,0,0,0,0,0,0,0,0,0,0,0,0,0,0,0,0,0,0,0,0,0,0,0,0,0,31,€1.00m,Newcastle United,Goalkeeper,Greece
Kyle Walker,England,Right,28/05/1990,15,6,1.34,731,89,55,40,967,34,17,3,4,0,3,0.14,5,9,0,0,14,29,5,60,6,0,0,1,4,0,0,0,0,0,0,0,0,0,0,0,0,0,0,0,35,€600k,Burnley FC,Right-Back,England
Aaron Wan-Bissaka,England,Right,26/11/1997,36,1,2.78,1503,83,81,37,3154,183,70,66,11,0,1,1.19,50,23,5,4,76,21,107,60,25,2,0,5,2,0,0,0,0,0,1,0,0,0,0,0,0,0,0,0,27,€20.00m,West Ham United,Right-Back,DR Congo
James Ward-Prowse,England,Right,01/11/1994,24,7,1.81,875,92,51,65,1440,45,24,13,5,1,2,1.65,12,13,2,5,9,22,5,40,17,1,0,0,0,42,0,3,4,0,0,0,0,0,0,0,0,0,0,0,30,€3.50m,West Ham United,Central Midfield,England
Ollie Watkins,England,Right,30/12/1995,38,7,2.07,414,74,5,80,2610,105,10,8,3,0,2,15.38,182,52,8,41,0,0,37,27,29,16,2,16,0,0,0,0,0,0,0,0,0,0,0,0,2,2,0,0,29,€35.00m,Aston Villa,Centre-Forward,England
Adam Webster,England,Right,04/01/1995,14,3,0.27,721,88,84,44,888,37,10,20,9,0,1,0.25,15,24,0,3,0,0,3,33,7,0,0,1,0,0,0,0,0,0,0,0,0,0,0,0,0,0,0,0,30,€6.50m,Brighton & Hove Albion,Centre-Back,England
Danny Welbeck,England,Right,26/11/1990,30,6,1.38,485,86,8,75,2122,79,26,5,4,0,5,9.57,109,17,4,21,0,0,34,38,11,10,2,4,11,0,0,9,9,0,0,0,0,0,0,0,1,1,0,0,34,€900k,Brighton & Hove Albion,Centre-Forward,England
Adam Wharton,England,Left,06/02/2004,20,4,2.18,679,79,70,57,1326,64,34,20,2,0,2,0.37,11,7,2,0,18,28,10,20,12,0,0,0,8,26,0,0,0,0,0,0,0,0,0,0,0,0,0,0,21,€40.00m,Crystal Palace,Defensive Midfield,England
Ben White,England,Right,08/10/1997,17,4,1.41,590,86,39,46,1198,43,20,16,8,0,2,0.46,29,18,2,4,17,18,0,0,10,0,0,1,2,0,0,0,0,0,0,0,0,0,0,0,0,0,0,0,27,€40.00m,Arsenal FC,Right-Back,England
Mats Wieffer,Netherlands,Right,16/11/1999,25,15,1.01,647,86,31,65,1008,107,58,17,2,0,6,0.75,24,34,4,0,13,23,14,50,23,1,0,1,2,0,0,0,0,0,0,0,0,0,0,0,0,0,0,0,25,€20.00m,Brighton & Hove Albion,Defensive Midfield,Netherlands
Caleb Wiley,United States,Left,22/12/2004,0,0,0.0,0,0,0,0,0,0,0,0,0,0,0,0.0,0,0,0,0,0,0,0,0,0,0,0,0,0,0,0,0,0,0,0,0,0,0,0,0,0,0,0,0,20,€3.00m,Chelsea FC,Left-Back,United States
Neco Williams,Wales,Right,13/04/2001,35,7,1.53,850,81,90,32,2590,191,90,31,10,0,7,2.3,47,40,3,10,53,23,37,49,24,1,1,2,12,2,0,1,1,0,0,0,0,0,0,0,0,0,0,0,24,€16.00m,Nottingham Forest,Right-Back,Wales
Joe Willock,England,Right,20/08/1999,32,21,0.93,338,87,13,46,1074,60,30,6,6,0,4,1.63,58,5,2,7,18,6,29,41,23,0,0,3,0,0,0,0,0,0,0,0,0,0,0,0,0,0,0,0,25,€18.00m,Newcastle United,Central Midfield,England
Harry Wilson,Wales,Left,22/03/1997,25,13,1.17,399,78,36,42,1157,56,20,7,1,0,2,4.2,68,5,1,15,12,17,19,47,12,6,2,1,7,27,0,1,1,0,0,0,0,0,0,0,0,0,0,0,28,€10.00m,Fulham FC,Right Winger,Wales
Josh Wilson-Esbrand,England,Left,26/12/2002,0,0,0.0,0,0,0,0,0,0,0,0,0,0,0,0.0,0,0,0,0,0,0,0,0,0,0,0,0,0,0,0,0,0,0,0,0,0,0,0,0,0,0,0,0,22,€400k,Manchester City,Left-Back,England
Yoane Wissa,DR Congo,Right,03/09/1996,35,1,1.83,563,79,32,47,2927,118,22,8,8,0,5,18.59,167,30,4,36,20,5,39,38,34,19,1,14,9,1,0,0,0,0,0,0,0,0,0,0,0,0,0,0,28,€28.00m,Brentford FC,Centre-Forward,DR Congo
Chris Wood,New Zealand,Right,07/12/1991,36,1,1.52,484,65,22,64,2976,128,6,5,7,0,1,13.35,111,94,3,21,0,0,12,33,25,20,1,28,6,0,0,0,0,0,0,0,0,0,0,0,3,3,0,0,33,€6.00m,Nottingham Forest,Centre-Forward,New Zealand
Joe Worrall,England,Right,10/01/1997,0,0,0.0,0,0,0,0,0,0,0,0,0,0,0,0.0,0,0,0,0,0,0,0,0,0,0,0,0,0,0,0,0,0,0,0,0,0,0,0,0,0,0,0,0,28,€750k,Burnley FC,Centre-Back,England
Malick Yalcouyé,Cote d’Ivoire,Right,18/11/2005,0,0,0.0,0,0,0,0,0,0,0,0,0,0,0,0.0,0,0,0,0,0,0,0,0,0,0,0,0,0,0,0,0,0,0,0,0,0,0,0,0,0,0,0,0,19,€11.00m,Brighton & Hove Albion,Left Midfield,Cote d'Ivoire
Leny Yoro,France,Right,13/11/2005,21,9,0.17,757,92,37,51,1162,49,29,18,3,0,5,0.7,13,16,0,3,0,0,4,50,9,0,0,1,0,0,0,0,0,0,0,0,0,0,0,0,0,0,0,0,19,€50.00m,Manchester United,Centre-Back,France
Oleksandr Zinchenko,Ukraine,Left,15/12/1996,15,10,0.52,402,87,25,48,522,24,6,5,1,0,1,0.65,21,12,1,0,13,23,4,75,8,0,0,1,0,1,0,1,1,0,0,0,0,0,0,0,0,0,0,0,28,€17.00m,Arsenal FC,Left-Back,Ukraine
Joshua Zirkzee,Netherlands,Right,22/05/2001,32,18,1.07,405,72,11,55,1392,59,14,6,4,0,2,4.82,61,23,1,14,0,0,35,31,9,3,0,3,3,0,0,0,0,0,0,0,0,0,0,0,0,0,0,0,24,€25.00m,Manchester United,Centre-Forward,Netherlands
Richarlison,Brazil,Right,10/05/1997,15,11,0.61,96,63,3,67,500,29,5,0,1,0,2,3.72,30,10,1,5,7,29,15,7,7,4,0,3,0,0,0,0,0,0,0,0,0,0,0,0,0,0,0,0,28,€16.00m,Tottenham Hotspur,Centre-Forward,Brazil
Gabriel Jesus,Brazil,Right,03/04/1997,17,11,0.52,190,80,4,50,603,38,10,4,1,0,4,2.99,53,9,0,8,7,14,19,47,14,3,1,9,0,0,0,0,0,0,0,0,0,0,0,0,0,0,0,0,28,€28.00m,Arsenal FC,Centre-Forward,Brazil
Matthijs de Ligt,Netherlands,Right,12/08/1999,29,4,0.27,1370,90,97,34,2128,102,30,33,21,0,3,2.46,30,58,0,11,6,33,4,50,16,2,1,2,0,0,0,0,0,0,0,0,0,0,0,0,0,0,0,0,25,€32.00m,Manchester United,Centre-Back,Netherlands
Evanilson,Brazil,Both,06/10/1999,31,3,1.78,341,72,14,57,2335,118,16,1,2,1,1,12.49,134,42,1,32,0,0,15,47,37,10,2,20,6,0,0,0,0,0,0,1,0,0,0,0,0,0,0,0,25,€30.00m,AFC Bournemouth,Centre-Forward,Brazil
Vitor Reis,Brazil,Right,12/01/2006,1,1,0.0,0,0,0,0,1,1,0,0,0,0,0,0.0,0,0,0,0,0,0,0,0,0,0,0,0,0,0,0,0,0,2,0,0,0,0,0,0,0,0,0,0,19,€25.00m,Manchester City,Centre-Back,Brazil
Antony,Brazil,Left,24/02/2000,8,8,0.21,59,81,0,0,135,15,6,2,0,0,0,1.02,8,0,0,3,5,60,10,40,2,0,0,0,0,0,0,0,0,0,0,0,0,0,0,0,0,0,0,0,25,€32.00m,Manchester United,Right Winger,Brazil
Rúben Dias,Portugal,Right,14/05/1997,27,2,1.19,2309,94,149,56,2269,64,17,20,20,0,4,1.5,26,37,0,5,0,0,3,67,12,0,0,0,7,0,0,0,0,0,1,0,0,0,0,0,0,0,0,0,28,€60.00m,Manchester City,Centre-Back,Portugal
Gabriel Magalhães,Brazil,Left,19/12/1997,0,0,1.2,1628,91,134,43,2365,101,25,16,29,0,4,2.61,41,55,1,9,0,0,5,80,19,3,1,0,0,0,28,0,0,0,0,0,0,0,0,0,0,0,0,0,27,€70.00m,Arsenal FC,Centre-Back,Brazil
Carlos Miguel,Brazil,Left,09/10/1998,0,0,0.0,0,0,0,0,0,0,0,0,0,0,0,0.0,0,0,0,0,0,0,0,0,0,0,0,0,0,0,0,0,0,0,0,0,0,0,0,0,0,0,0,0,26,€600k,Nottingham Forest,Goalkeeper,Brazil
Danilo,Brazil,Left,29/04/2001,8,3,0.02,117,80,9,67,275,12,8,4,1,0,0,0.0,0,1,0,0,0,0,6,50,2,0,0,0,0,1,0,0,0,0,0,0,0,0,0,0,0,0,0,0,24,€25.00m,Nottingham Forest,Defensive Midfield,Brazil
Virgil van Dijk,Netherlands,Right,08/07/1991,0,0,0.98,2922,92,276,56,3330,173,38,56,16,0,5,2.24,49,119,1,6,0,0,5,60,17,3,1,0,0,0,37,1,1,0,0,0,0,0,0,0,0,0,0,0,33,€20.00m,Liverpool FC,Centre-Back,Netherlands
Jan Paul van Hecke,Netherlands,Right,08/06/2000,34,1,1.44,2265,88,255,54,2959,156,45,24,22,1,6,1.34,34,83,1,5,11,45,9,56,25,1,1,0,3,0,0,0,0,0,0,0,0,0,0,0,0,0,0,0,25,€28.00m,Brighton & Hove Albion,Centre-Back,Netherlands
Micky van de Ven,Netherlands,Left,19/04/2001,13,1,0.7,797,91,48,40,1018,42,10,10,8,0,4,0.57,9,19,2,3,0,0,8,50,10,0,0,0,0,0,0,0,0,0,0,0,0,0,0,0,0,0,0,0,24,€50.00m,Tottenham Hotspur,Centre-Back,Netherlands
Sepp van den Berg,Netherlands,Right,20/12/2001,0,0,0.0,0,0,0,0,0,0,0,0,0,0,0,0.0,0,0,0,0,0,0,0,0,0,0,0,0,0,0,0,0,0,0,0,0,0,0,0,0,0,0,0,0,23,€18.00m,Brentford FC,Centre-Back,Netherlands
Martin Ødegaard,Norway,Left,17/12/1998,30,4,6.66,1389,87,57,68,2328,75,19,6,0,0,4,4.81,121,8,8,18,35,17,57,44,12,3,2,1,15,37,0,3,3,0,0,0,0,0,0,0,1,1,0,0,26,€80.00m,Arsenal FC,Attacking Midfield,Norway
Enes Ünal,Turkey,Right,10/05/1997,17,15,0.26,94,67,0,0,331,35,1,0,0,0,2,2.74,28,24,1,5,0,0,11,9,6,2,0,1,4,0,0,3,3,0,0,0,0,0,0,0,0,0,0,0,28,€5.00m,AFC Bournemouth,Centre-Forward,Türkiye
